Metabolite_set,Metabolite
Lipids [BR:br08002],Taurodeoxycholic acid
Lipids [BR:br08002],Succinic acid
Lipids [BR:br08002],2-Hydroxyglutaric acid
Lipids [BR:br08002],5-Aminopentanoic acid
Lipids [BR:br08002],Glucaric acid
Lipids [BR:br08002],Diacetyl
Lipids [BR:br08002],Caprylic acid
Lipids [BR:br08002],Azelaic acid
Lipids [BR:br08002],Traumatic acid
Lipids [BR:br08002],Sulfolithocholylglycine
Lipids [BR:br08002],Palmitic acid
Lipids [BR:br08002],Docosahexaenoic acid
Lipids [BR:br08002],Stearic acid
Lipids [BR:br08002],Palmitoleic acid
Lipids [BR:br08002],5-Hydroxypentanoic acid
Lipids [BR:br08002],Retinyl ester
Lipids [BR:br08002],gamma-Aminobutyric acid
Lipids [BR:br08002],Cholesterol sulfate
Lipids [BR:br08002],Myristic acid
Lipids [BR:br08002],4-Hydroxybutyric acid
Lipids [BR:br08002],Sphingosine 1-phosphate
Lipids [BR:br08002],Eicosenoic acid
Lipids [BR:br08002],Palmitoylcarnitine
Lipids [BR:br08002],Dodecanoic acid
Lipids [BR:br08002],Acetoacetic acid
Lipids [BR:br08002],Octanoylcarnitine
Lipids [BR:br08002],2-Deoxycastasterone
Lipids [BR:br08002],Pyruvic acid
Lipids [BR:br08002],Sphinganine 1-phosphate
Lipids [BR:br08002],Ursodeoxycholic acid
Lipids [BR:br08002],3-Oxododecanoic acid
Lipids [BR:br08002],6-Deoxocastasterone
Lipids [BR:br08002],Itaconic acid
Lipids [BR:br08002],8-Amino-7-oxononanoate
Lipids [BR:br08002],Botrydial
Lipids [BR:br08002],Castasterone
Lipids [BR:br08002],Adrenic acid
Lipids [BR:br08002],Icosadienoic acid
Lipids [BR:br08002],Sebacic acid
Lipids [BR:br08002],Butyric acid
Lipids [BR:br08002],2-Aminomuconic acid
Lipids [BR:br08002],Arachidic acid
Lipids [BR:br08002],Latia luciferin
Lipids [BR:br08002],6alpha-Hydroxycastasterone
Lipids [BR:br08002],2-Aminoisobutyric acid
Lipids [BR:br08002],Undecanoic acid
Lipids [BR:br08002],3-Propylmalate
Lipids [BR:br08002],Mesaconic acid
Lipids [BR:br08002],Tuberculostearic acid
Lipids [BR:br08002],Norleucine
Lipids [BR:br08002],Monotropein
Lipids [BR:br08002],Tridecanoic acid
Lipids [BR:br08002],5-Amino-2-oxopentanoic acid
Lipids [BR:br08002],Pimelic acid
ST  Sterol lipids,Taurodeoxycholic acid
ST  Sterol lipids,Sulfolithocholylglycine
ST  Sterol lipids,Cholesterol sulfate
ST  Sterol lipids,2-Deoxycastasterone
ST  Sterol lipids,Ursodeoxycholic acid
ST  Sterol lipids,6-Deoxocastasterone
ST  Sterol lipids,Castasterone
ST  Sterol lipids,6alpha-Hydroxycastasterone
ST05 Steroid conjugates,Taurodeoxycholic acid
ST05 Steroid conjugates,Sulfolithocholylglycine
ST05 Steroid conjugates,Cholesterol sulfate
ST0504 Taurine conjugates,Taurodeoxycholic acid
C05463  Taurodeoxycholate,Taurodeoxycholic acid
Risk category of Japanese OTC drugs [BR:br08312],Carnitine
Risk category of Japanese OTC drugs [BR:br08312],Gluconic acid
Risk category of Japanese OTC drugs [BR:br08312],Arginine
Risk category of Japanese OTC drugs [BR:br08312],Pyridoxal
Risk category of Japanese OTC drugs [BR:br08312],Alanine
Risk category of Japanese OTC drugs [BR:br08312],Glucuronic acid
Third-class OTC drugs,Carnitine
Third-class OTC drugs,Lactic acid
Third-class OTC drugs,Gluconic acid
Third-class OTC drugs,Niacinamide
Third-class OTC drugs,Arginine
Third-class OTC drugs,Taurine
Third-class OTC drugs,Citric acid
Third-class OTC drugs,Pantothenic acid
Third-class OTC drugs,Glutamic acid
Third-class OTC drugs,Glucose
Third-class OTC drugs,Allantoin
Third-class OTC drugs,Tryptophan
Third-class OTC drugs,Riboflavin
Third-class OTC drugs,Orotic acid
Third-class OTC drugs,Glycerol
Third-class OTC drugs,Benzyl alcohol
Third-class OTC drugs,Pyridoxal
Third-class OTC drugs,Stearic acid
Third-class OTC drugs,Alanine
Third-class OTC drugs,Threonine
Third-class OTC drugs,Methionine
Third-class OTC drugs,Betaine
Third-class OTC drugs,Ursodeoxycholic acid
Third-class OTC drugs,Glucuronic acid
Third-class OTC drugs,myo-Inositol
Inorganic and organic chemicals,Carnitine
Inorganic and organic chemicals,Lactic acid
Inorganic and organic chemicals,Gluconic acid
Inorganic and organic chemicals,Niacinamide
Inorganic and organic chemicals,Arginine
Inorganic and organic chemicals,Taurine
Inorganic and organic chemicals,Citric acid
Inorganic and organic chemicals,Pantothenic acid
Inorganic and organic chemicals,Glutamic acid
Inorganic and organic chemicals,Glucose
Inorganic and organic chemicals,Allantoin
Inorganic and organic chemicals,Tryptophan
Inorganic and organic chemicals,Riboflavin
Inorganic and organic chemicals,Orotic acid
Inorganic and organic chemicals,Glycerol
Inorganic and organic chemicals,Glycerol
Inorganic and organic chemicals,Benzyl alcohol
Inorganic and organic chemicals,Pyridoxal
Inorganic and organic chemicals,Stearic acid
Inorganic and organic chemicals,Alanine
Inorganic and organic chemicals,Threonine
Inorganic and organic chemicals,Methionine
Inorganic and organic chemicals,Betaine
Inorganic and organic chemicals,Ursodeoxycholic acid
Inorganic and organic chemicals,Glucuronic acid
Inorganic and organic chemicals,myo-Inositol
Carnitine,Carnitine
C00487  Carnitine,Carnitine
Anatomical Therapeutic Chemical (ATC) classification [BR:br08303(D00111)],Lactic acid
G GENITO URINARY SYSTEM AND SEX HORMONES,Lactic acid
G GENITO URINARY SYSTEM AND SEX HORMONES,Inosine
G01 GYNECOLOGICAL ANTIINFECTIVES AND ANTISEPTICS,Lactic acid
G01 GYNECOLOGICAL ANTIINFECTIVES AND ANTISEPTICS,Inosine
"G01A ANTIINFECTIVES AND ANTISEPTICS, EXCL. COMBINATIONS WITH CORTICOSTEROIDS",Lactic acid
"G01A ANTIINFECTIVES AND ANTISEPTICS, EXCL. COMBINATIONS WITH CORTICOSTEROIDS",Inosine
G01AD Organic acids,Lactic acid
G01AD01 Lactic acid,Lactic acid
D00111  Lactic acid (JP18/USP) &lt;JP&gt;,Lactic acid
Therapeutic category of drugs in Japan [BR:br08301(D00111)],Lactic acid
7  Agents not mainly for therapeutic purpose,Lactic acid
7  Agents not mainly for therapeutic purpose,Adenosine
71  Dispensing medicines,Lactic acid
"714  Flavorings, deodorants, coloring agents",Lactic acid
7149  Others,Lactic acid
D00111  Lactic acid (JP18/USP),Lactic acid
D00111  Lactic acid (JP18/USP),Lactic acid
Risk category of Japanese OTC drugs [BR:br08312(D00111)],Lactic acid
Lactic acid,Lactic acid
Drugs listed in the Japanese Pharmacopoeia [BR:br08311(D00111)],Lactic acid
Chemicals,Lactic acid
Chemicals,Niacinamide
Chemicals,Taurine
Chemicals,Citric acid
Chemicals,Tyrosine
Chemicals,Glutamic acid
Chemicals,Glucose
Chemicals,Tryptophan
Chemicals,Riboflavin
Chemicals,Serine
Chemicals,Glycerol
Chemicals,Benzyl alcohol
Chemicals,Citicoline
Chemicals,Acetylcysteine
Chemicals,Stearic acid
Chemicals,Threonine
Chemicals,Methionine
Chemicals,Mannitol
Chemicals,Glutathione
Chemicals,Ursodeoxycholic acid
Chemicals,Dopa
D00111  Lactic acid,Lactic acid
Anatomical Therapeutic Chemical (ATC) classification [BR:br08303(D07349)],Glycerophosphocholine
N NERVOUS SYSTEM,Glycerophosphocholine
N NERVOUS SYSTEM,Tryptophan
N NERVOUS SYSTEM,Citicoline
N NERVOUS SYSTEM,gamma-Aminobutyric acid
N NERVOUS SYSTEM,Dopa
N07 OTHER NERVOUS SYSTEM DRUGS,Glycerophosphocholine
N07A PARASYMPATHOMIMETICS,Glycerophosphocholine
N07AX Other parasympathomimetics,Glycerophosphocholine
N07AX02 Choline alfoscerate,Glycerophosphocholine
D07349  Choline alfoscerate (INN),Glycerophosphocholine
D07349  Choline alfoscerate (INN),Glycerophosphocholine
Drug groups [BR:br08330(D07349)],Glycerophosphocholine
Neuropsychiatric agent,Glycerophosphocholine
Neuropsychiatric agent,gamma-Aminobutyric acid
Neuropsychiatric agent,gamma-Aminobutyric acid
Neuropsychiatric agent,4-Hydroxybutyric acid
Neuropsychiatric agent,Dopamine
Neuropsychiatric agent,Dopa
Neuropsychiatric agent,Dopa
DG01490  Muscarinic cholinergic receptor agonist,Glycerophosphocholine
D07349  Choline alfoscerate,Glycerophosphocholine
D07349  Choline alfoscerate,Glycerophosphocholine
DG01719  Parasympathomimetic agent,Glycerophosphocholine
Target-based classification of drugs [BR:br08310(D07349)],Glycerophosphocholine
G Protein-coupled receptors,Glycerophosphocholine
G Protein-coupled receptors,Adenosine
G Protein-coupled receptors,gamma-Aminobutyric acid
G Protein-coupled receptors,Dopamine
G Protein-coupled receptors,Dopa
Rhodopsin family,Glycerophosphocholine
Rhodopsin family,Adenosine
Rhodopsin family,Dopamine
Rhodopsin family,Dopa
Acetylcholine (muscarinic),Glycerophosphocholine
CHRM,Glycerophosphocholine
Compounds with biological roles [BR:br08001],Gluconic acid
Compounds with biological roles [BR:br08001],Niacinamide
Compounds with biological roles [BR:br08001],Malic acid
Compounds with biological roles [BR:br08001],Citrulline
Compounds with biological roles [BR:br08001],Citric acid
Compounds with biological roles [BR:br08001],Succinic acid
Compounds with biological roles [BR:br08001],Pantothenic acid
Compounds with biological roles [BR:br08001],Oxoglutaric acid
Compounds with biological roles [BR:br08001],Tyrosine
Compounds with biological roles [BR:br08001],Glutamic acid
Compounds with biological roles [BR:br08001],Glucose
Compounds with biological roles [BR:br08001],Adenosine
Compounds with biological roles [BR:br08001],Tryptophan
Compounds with biological roles [BR:br08001],Uridine
Compounds with biological roles [BR:br08001],Riboflavin
Compounds with biological roles [BR:br08001],Thymine
Compounds with biological roles [BR:br08001],Cytidine
Compounds with biological roles [BR:br08001],Uracil
Compounds with biological roles [BR:br08001],Cystine
Compounds with biological roles [BR:br08001],Adenine
Compounds with biological roles [BR:br08001],Serine
Compounds with biological roles [BR:br08001],Guanosine monophosphate
Compounds with biological roles [BR:br08001],Uridine 5'-monophosphate
Compounds with biological roles [BR:br08001],Deoxyuridine
Compounds with biological roles [BR:br08001],Deoxycytidine
Compounds with biological roles [BR:br08001],Carnosine
Compounds with biological roles [BR:br08001],NAD
Compounds with biological roles [BR:br08001],Glycerol
Compounds with biological roles [BR:br08001],Caprylic acid
Compounds with biological roles [BR:br08001],Oxalic acid
Compounds with biological roles [BR:br08001],ADP
Compounds with biological roles [BR:br08001],Pyridoxal
Compounds with biological roles [BR:br08001],Guanosine
Compounds with biological roles [BR:br08001],Palmitic acid
Compounds with biological roles [BR:br08001],Docosahexaenoic acid
Compounds with biological roles [BR:br08001],Stearic acid
Compounds with biological roles [BR:br08001],Palmitoleic acid
Compounds with biological roles [BR:br08001],Threonine
Compounds with biological roles [BR:br08001],gamma-Aminobutyric acid
Compounds with biological roles [BR:br08001],Methionine
Compounds with biological roles [BR:br08001],Myristic acid
Compounds with biological roles [BR:br08001],4-Hydroxybutyric acid
Compounds with biological roles [BR:br08001],Eicosenoic acid
Compounds with biological roles [BR:br08001],Dodecanoic acid
Compounds with biological roles [BR:br08001],Acetoacetic acid
Compounds with biological roles [BR:br08001],Rhamnose
Compounds with biological roles [BR:br08001],Mannitol
Compounds with biological roles [BR:br08001],beta-Alanine
Compounds with biological roles [BR:br08001],cis-Aconitic acid
Compounds with biological roles [BR:br08001],Glutathione
Compounds with biological roles [BR:br08001],Pyruvic acid
Compounds with biological roles [BR:br08001],Ursodeoxycholic acid
Compounds with biological roles [BR:br08001],trans-Aconitic acid
Compounds with biological roles [BR:br08001],N-Acetylneuraminic acid
Compounds with biological roles [BR:br08001],Glucuronic acid
Compounds with biological roles [BR:br08001],UDP-glucose
Compounds with biological roles [BR:br08001],Erythrose
Compounds with biological roles [BR:br08001],N-Acetyl-D-fucosamine
Compounds with biological roles [BR:br08001],Icosadienoic acid
Compounds with biological roles [BR:br08001],Butyric acid
Compounds with biological roles [BR:br08001],Muramic acid
Compounds with biological roles [BR:br08001],myo-Inositol
Compounds with biological roles [BR:br08001],Arachidic acid
Compounds with biological roles [BR:br08001],Pyroglutamic acid
Compounds with biological roles [BR:br08001],Xylobiose
Compounds with biological roles [BR:br08001],N-Acetylmuramate
Compounds with biological roles [BR:br08001],Dopamine
Compounds with biological roles [BR:br08001],Pimelic acid
Compounds with biological roles [BR:br08001],Uridine 5'-diphosphate
Compounds with biological roles [BR:br08001],N-Acetyl-D-glucosamine
Compounds with biological roles [BR:br08001],Dopa
Carbohydrates,Gluconic acid
Carbohydrates,Glucose
Carbohydrates,Glycerol
Carbohydrates,Rhamnose
Carbohydrates,Mannitol
Carbohydrates,N-Acetylneuraminic acid
Carbohydrates,Glucuronic acid
Carbohydrates,Erythrose
Carbohydrates,N-Acetyl-D-fucosamine
Carbohydrates,Muramic acid
Carbohydrates,myo-Inositol
Carbohydrates,Xylobiose
Carbohydrates,N-Acetylmuramate
Carbohydrates,N-Acetyl-D-glucosamine
Monosaccharides,Gluconic acid
Monosaccharides,Glucose
Monosaccharides,Glycerol
Monosaccharides,Rhamnose
Monosaccharides,Mannitol
Monosaccharides,N-Acetylneuraminic acid
Monosaccharides,Glucuronic acid
Monosaccharides,Erythrose
Monosaccharides,N-Acetyl-D-fucosamine
Monosaccharides,Muramic acid
Monosaccharides,myo-Inositol
Monosaccharides,N-Acetylmuramate
Monosaccharides,N-Acetyl-D-glucosamine
Sugar acids,Gluconic acid
Sugar acids,Glucuronic acid
C00257  D-Gluconic acid,Gluconic acid
C00257  D-Gluconic acid,Gluconic acid
Calcium gluconate,Gluconic acid
Vitamins and cofactors,Niacinamide
Vitamins and cofactors,Pantothenic acid
Vitamins and cofactors,Riboflavin
Vitamins and cofactors,NAD
Vitamins and cofactors,Pyridoxal
Vitamins and cofactors,Glutathione
Vitamins and cofactors,UDP-glucose
Vitamins,Niacinamide
Vitamins,Pantothenic acid
Vitamins,Riboflavin
Vitamins,Pyridoxal
Water-soluble vitamins,Niacinamide
Water-soluble vitamins,Pantothenic acid
Water-soluble vitamins,Riboflavin
Water-soluble vitamins,Pyridoxal
C00153  Nicotinamide (Vitamin B3),Niacinamide
Phytochemical compounds [BR:br08003],Niacinamide
Phytochemical compounds [BR:br08003],Xanthine
Phytochemical compounds [BR:br08003],Pipecolic acid
Phytochemical compounds [BR:br08003],Xanthosine
Phytochemical compounds [BR:br08003],Caprylic acid
Phytochemical compounds [BR:br08003],Burseran
Phytochemical compounds [BR:br08003],Palmitic acid
Phytochemical compounds [BR:br08003],Stearic acid
Phytochemical compounds [BR:br08003],Palmitoleic acid
Phytochemical compounds [BR:br08003],Hypoxanthine
Phytochemical compounds [BR:br08003],Phytuberin
Phytochemical compounds [BR:br08003],Myristic acid
Phytochemical compounds [BR:br08003],Anibine
Phytochemical compounds [BR:br08003],Centarol
Phytochemical compounds [BR:br08003],Dodecanoic acid
Phytochemical compounds [BR:br08003],2-Deoxycastasterone
Phytochemical compounds [BR:br08003],Sapelin A
Phytochemical compounds [BR:br08003],Caryoptin
Phytochemical compounds [BR:br08003],Rishitin
Phytochemical compounds [BR:br08003],Pisiferic acid
Phytochemical compounds [BR:br08003],Castasterone
Phytochemical compounds [BR:br08003],Fagomine
Phytochemical compounds [BR:br08003],Gratiogenin
Phytochemical compounds [BR:br08003],Butyric acid
Phytochemical compounds [BR:br08003],Lotaustralin
Phytochemical compounds [BR:br08003],Slaframine
Phytochemical compounds [BR:br08003],Homostachydrine
Phytochemical compounds [BR:br08003],Arachidic acid
Phytochemical compounds [BR:br08003],Barringtogenol C
Phytochemical compounds [BR:br08003],alpha-Irone
Phytochemical compounds [BR:br08003],Linamarin
Phytochemical compounds [BR:br08003],Hymenoxon
Phytochemical compounds [BR:br08003],Monotropein
Phytochemical compounds [BR:br08003],Retronecine
Phytochemical compounds [BR:br08003],Quassin
Phytochemical compounds [BR:br08003],Indole-3-acetate
Phytochemical compounds [BR:br08003],Dopamine
Phytochemical compounds [BR:br08003],Gynocardin
Phytochemical compounds [BR:br08003],Cardiospermin
Phytochemical compounds [BR:br08003],Otonecine
Phytochemical compounds [BR:br08003],Heliotridine
Alkaloids,Niacinamide
Alkaloids,Xanthine
Alkaloids,Pipecolic acid
Alkaloids,Xanthosine
Alkaloids,Hypoxanthine
Alkaloids,Anibine
Alkaloids,Fagomine
Alkaloids,Slaframine
Alkaloids,Homostachydrine
Alkaloids,Retronecine
Alkaloids,Retronecine
Alkaloids,Indole-3-acetate
Alkaloids,Dopamine
Alkaloids,Otonecine
Alkaloids,Heliotridine
Alkaloids derived from nicotinic acid,Niacinamide
Pyridine alkaloids,Niacinamide
C00153  Nicotinamide,Niacinamide
Anatomical Therapeutic Chemical (ATC) classification [BR:br08303(D00036)],Niacinamide
A ALIMENTARY TRACT AND METABOLISM,Niacinamide
A ALIMENTARY TRACT AND METABOLISM,Citric acid
A ALIMENTARY TRACT AND METABOLISM,Riboflavin
A ALIMENTARY TRACT AND METABOLISM,NAD
A ALIMENTARY TRACT AND METABOLISM,Glycerol
A ALIMENTARY TRACT AND METABOLISM,Carglumic acid
A ALIMENTARY TRACT AND METABOLISM,Betaine
A ALIMENTARY TRACT AND METABOLISM,Mannitol
A ALIMENTARY TRACT AND METABOLISM,Ursodeoxycholic acid
A ALIMENTARY TRACT AND METABOLISM,myo-Inositol
A11 VITAMINS,Niacinamide
A11 VITAMINS,Riboflavin
A11 VITAMINS,NAD
A11 VITAMINS,myo-Inositol
A11H OTHER PLAIN VITAMIN PREPARATIONS,Niacinamide
A11H OTHER PLAIN VITAMIN PREPARATIONS,Riboflavin
A11H OTHER PLAIN VITAMIN PREPARATIONS,NAD
A11H OTHER PLAIN VITAMIN PREPARATIONS,myo-Inositol
A11HA Other plain vitamin preparations,Niacinamide
A11HA Other plain vitamin preparations,Riboflavin
A11HA Other plain vitamin preparations,NAD
A11HA Other plain vitamin preparations,myo-Inositol
A11HA01 Nicotinamide,Niacinamide
A11HA01 Nicotinamide,NAD
D00036  Niacinamide (USP) &lt;JP&gt;,Niacinamide
Therapeutic category of drugs in Japan [BR:br08301(D00036)],Niacinamide
3  Agents affecting metabolism,Niacinamide
3  Agents affecting metabolism,Taurine
3  Agents affecting metabolism,Glucose
3  Agents affecting metabolism,Carglumic acid
3  Agents affecting metabolism,Acetylcysteine
3  Agents affecting metabolism,Betaine
3  Agents affecting metabolism,Glutathione
3  Agents affecting metabolism,Penicillamine
31  Vitamins,Niacinamide
313  Vitamin B preparations,Niacinamide
3132  Nicotinic acids,Niacinamide
D00036  Niacinamide (USP); Nicotinamide (JP18/INN),Niacinamide
Classification of Japanese OTC drugs [BR:br08313(D00036)],Niacinamide
Agents for otolaryngologic use,Niacinamide
72 Other agents for otolaryngologic use,Niacinamide
D00036  Niacinamide (USP),Niacinamide
D00036  Niacinamide (USP),Niacinamide
Risk category of Japanese OTC drugs [BR:br08312(D00036)],Niacinamide
Nicotinamide,Niacinamide
Drugs listed in the Japanese Pharmacopoeia [BR:br08311(D00036)],Niacinamide
D00036  Nicotinamide,Niacinamide
L-Arginine,Arginine
C02385  Amino acid(Arg-),Arginine
Organic acids,Malic acid
Organic acids,Citric acid
Organic acids,Succinic acid
Organic acids,Oxoglutaric acid
Organic acids,Caprylic acid
Organic acids,Oxalic acid
Organic acids,4-Hydroxybutyric acid
Organic acids,Acetoacetic acid
Organic acids,cis-Aconitic acid
Organic acids,Pyruvic acid
Organic acids,trans-Aconitic acid
Organic acids,Butyric acid
Organic acids,Pimelic acid
Carboxylic acids,Malic acid
Carboxylic acids,Citric acid
Carboxylic acids,Succinic acid
Carboxylic acids,Oxoglutaric acid
Carboxylic acids,Caprylic acid
Carboxylic acids,Oxalic acid
Carboxylic acids,4-Hydroxybutyric acid
Carboxylic acids,Acetoacetic acid
Carboxylic acids,cis-Aconitic acid
Carboxylic acids,Pyruvic acid
Carboxylic acids,trans-Aconitic acid
Carboxylic acids,Butyric acid
Carboxylic acids,Pimelic acid
Hydroxycarboxylic acids,Malic acid
Hydroxycarboxylic acids,4-Hydroxybutyric acid
C00149  Malate; (S)-2-Hydroxybutanediate,Malic acid
Therapeutic category of drugs in Japan [BR:br08301(D00047)],Taurine
1  Agents affecting nervous system and sensory organs,Taurine
1  Agents affecting nervous system and sensory organs,Oxidized glutathione
1  Agents affecting nervous system and sensory organs,Citicoline
1  Agents affecting nervous system and sensory organs,N-Acetylneuraminic acid
1  Agents affecting nervous system and sensory organs,Dopa
11  Agents affecting central nervous system,Taurine
11  Agents affecting central nervous system,Citicoline
11  Agents affecting central nervous system,Dopa
119  Miscellaneous,Taurine
119  Miscellaneous,Citicoline
1190  Miscellaneous,Taurine
1190  Miscellaneous,Citicoline
D00047  Taurine (JP18/USP/INN); Aminoethylsulfonic acid (JAN),Taurine
D00047  Taurine (JP18/USP/INN); Aminoethylsulfonic acid (JAN),Taurine
D00047  Taurine (JP18/USP/INN); Aminoethylsulfonic acid (JAN),Taurine
2  Agents affecting individual organs,Taurine
2  Agents affecting individual organs,Glycerol
2  Agents affecting individual organs,Citicoline
2  Agents affecting individual organs,Acetylcysteine
2  Agents affecting individual organs,gamma-Aminobutyric acid
2  Agents affecting individual organs,Mannitol
2  Agents affecting individual organs,Ursodeoxycholic acid
21  Cardiovascular agents,Taurine
21  Cardiovascular agents,gamma-Aminobutyric acid
21  Cardiovascular agents,Mannitol
211  Cardiotonics,Taurine
2119  Others,Taurine
39  Other agents affecting metabolism,Taurine
39  Other agents affecting metabolism,Carglumic acid
39  Other agents affecting metabolism,Acetylcysteine
39  Other agents affecting metabolism,Betaine
39  Other agents affecting metabolism,Glutathione
39  Other agents affecting metabolism,Penicillamine
391  Liver disease agents,Taurine
3919  Others,Taurine
Classification of Japanese OTC drugs [BR:br08313(D00047)],Taurine
Agents for ophthalmologic use,Taurine
Agents for ophthalmologic use,Allantoin
62 General eye drops,Taurine
62 General eye drops,Allantoin
D00047  Taurine (JP18/USP/INN),Taurine
D00047  Taurine (JP18/USP/INN),Taurine
Risk category of Japanese OTC drugs [BR:br08312(D00047)],Taurine
Aminoethylsulfonic acid; Taurine,Taurine
Animal drugs in Japan [BR:br08331],Taurine
Animal drugs in Japan [BR:br08331],Glucose
Animal drugs in Japan [BR:br08331],Glycerol
Animal drugs in Japan [BR:br08331],Glutathione
Animal drugs in Japan [BR:br08331],Ursodeoxycholic acid
96  Agents affecting metabolism,Taurine
96  Agents affecting metabolism,Glucose
96  Agents affecting metabolism,Glutathione
967  Agents for liver disease and antidotes,Taurine
967  Agents for liver disease and antidotes,Glutathione
9674  Taurine and preparations,Taurine
C00245  Aminoethylsulfonic acid,Taurine
Drugs listed in the Japanese Pharmacopoeia [BR:br08311(D00047)],Taurine
D00047  Taurine,Taurine
Peptides,Citrulline
Peptides,Tyrosine
Peptides,Glutamic acid
Peptides,Tryptophan
Peptides,Cystine
Peptides,Serine
Peptides,Carnosine
Peptides,Carnosine
Peptides,Threonine
Peptides,gamma-Aminobutyric acid
Peptides,Methionine
Peptides,beta-Alanine
Peptides,Pyroglutamic acid
Peptides,Dopamine
Peptides,Dopa
Amino acids,Citrulline
Amino acids,Tyrosine
Amino acids,Glutamic acid
Amino acids,Glutamic acid
Amino acids,Tryptophan
Amino acids,Cystine
Amino acids,Serine
Amino acids,Threonine
Amino acids,gamma-Aminobutyric acid
Amino acids,gamma-Aminobutyric acid
Amino acids,Methionine
Amino acids,beta-Alanine
Amino acids,Pyroglutamic acid
Amino acids,Dopa
Amino acids,Dopa
Other amino acids,Citrulline
Other amino acids,Cystine
Other amino acids,gamma-Aminobutyric acid
Other amino acids,beta-Alanine
Other amino acids,Pyroglutamic acid
Other amino acids,Dopa
C00327  L-Citrulline,Citrulline
Tricarboxylic acids,Citric acid
Tricarboxylic acids,cis-Aconitic acid
Tricarboxylic acids,trans-Aconitic acid
C00158  Citrate,Citric acid
Anatomical Therapeutic Chemical (ATC) classification [BR:br08303(D00037)],Citric acid
"A09 DIGESTIVES, INCL. ENZYMES",Citric acid
"A09A DIGESTIVES, INCL. ENZYMES",Citric acid
A09AB Acid preparations,Citric acid
A09AB04 Citric acid,Citric acid
"D00037  Citric acid, anhydrous (USP)",Citric acid
"D00037  Citric acid, anhydrous (USP)",Citric acid
Risk category of Japanese OTC drugs [BR:br08312(D00037)],Citric acid
Anhydrous citric acid,Citric acid
Drugs listed in the Japanese Pharmacopoeia [BR:br08311(D00037)],Citric acid
D00037  Anhydrous citric acid,Citric acid
Dicarboxylic acids,Succinic acid
Dicarboxylic acids,Oxalic acid
Dicarboxylic acids,Pimelic acid
C00042  Succinate,Succinic acid
FA  Fatty acyls,Succinic acid
FA  Fatty acyls,2-Hydroxyglutaric acid
FA  Fatty acyls,5-Aminopentanoic acid
FA  Fatty acyls,Glucaric acid
FA  Fatty acyls,Diacetyl
FA  Fatty acyls,Caprylic acid
FA  Fatty acyls,Azelaic acid
FA  Fatty acyls,Traumatic acid
FA  Fatty acyls,Palmitic acid
FA  Fatty acyls,Docosahexaenoic acid
FA  Fatty acyls,Stearic acid
FA  Fatty acyls,Palmitoleic acid
FA  Fatty acyls,5-Hydroxypentanoic acid
FA  Fatty acyls,gamma-Aminobutyric acid
FA  Fatty acyls,Myristic acid
FA  Fatty acyls,4-Hydroxybutyric acid
FA  Fatty acyls,Eicosenoic acid
FA  Fatty acyls,Palmitoylcarnitine
FA  Fatty acyls,Dodecanoic acid
FA  Fatty acyls,Acetoacetic acid
FA  Fatty acyls,Octanoylcarnitine
FA  Fatty acyls,Pyruvic acid
FA  Fatty acyls,3-Oxododecanoic acid
FA  Fatty acyls,Itaconic acid
FA  Fatty acyls,8-Amino-7-oxononanoate
FA  Fatty acyls,Adrenic acid
FA  Fatty acyls,Icosadienoic acid
FA  Fatty acyls,Sebacic acid
FA  Fatty acyls,Butyric acid
FA  Fatty acyls,2-Aminomuconic acid
FA  Fatty acyls,Arachidic acid
FA  Fatty acyls,2-Aminoisobutyric acid
FA  Fatty acyls,Undecanoic acid
FA  Fatty acyls,3-Propylmalate
FA  Fatty acyls,Mesaconic acid
FA  Fatty acyls,Tuberculostearic acid
FA  Fatty acyls,Norleucine
FA  Fatty acyls,Tridecanoic acid
FA  Fatty acyls,5-Amino-2-oxopentanoic acid
FA  Fatty acyls,Pimelic acid
FA01 Fatty Acids and Conjugates,Succinic acid
FA01 Fatty Acids and Conjugates,2-Hydroxyglutaric acid
FA01 Fatty Acids and Conjugates,5-Aminopentanoic acid
FA01 Fatty Acids and Conjugates,Glucaric acid
FA01 Fatty Acids and Conjugates,Caprylic acid
FA01 Fatty Acids and Conjugates,Azelaic acid
FA01 Fatty Acids and Conjugates,Traumatic acid
FA01 Fatty Acids and Conjugates,Palmitic acid
FA01 Fatty Acids and Conjugates,Docosahexaenoic acid
FA01 Fatty Acids and Conjugates,Stearic acid
FA01 Fatty Acids and Conjugates,Palmitoleic acid
FA01 Fatty Acids and Conjugates,5-Hydroxypentanoic acid
FA01 Fatty Acids and Conjugates,gamma-Aminobutyric acid
FA01 Fatty Acids and Conjugates,Myristic acid
FA01 Fatty Acids and Conjugates,4-Hydroxybutyric acid
FA01 Fatty Acids and Conjugates,Eicosenoic acid
FA01 Fatty Acids and Conjugates,Dodecanoic acid
FA01 Fatty Acids and Conjugates,Acetoacetic acid
FA01 Fatty Acids and Conjugates,Pyruvic acid
FA01 Fatty Acids and Conjugates,3-Oxododecanoic acid
FA01 Fatty Acids and Conjugates,Itaconic acid
FA01 Fatty Acids and Conjugates,8-Amino-7-oxononanoate
FA01 Fatty Acids and Conjugates,Adrenic acid
FA01 Fatty Acids and Conjugates,Icosadienoic acid
FA01 Fatty Acids and Conjugates,Sebacic acid
FA01 Fatty Acids and Conjugates,Butyric acid
FA01 Fatty Acids and Conjugates,2-Aminomuconic acid
FA01 Fatty Acids and Conjugates,Arachidic acid
FA01 Fatty Acids and Conjugates,2-Aminoisobutyric acid
FA01 Fatty Acids and Conjugates,Undecanoic acid
FA01 Fatty Acids and Conjugates,3-Propylmalate
FA01 Fatty Acids and Conjugates,Mesaconic acid
FA01 Fatty Acids and Conjugates,Tuberculostearic acid
FA01 Fatty Acids and Conjugates,Norleucine
FA01 Fatty Acids and Conjugates,Tridecanoic acid
FA01 Fatty Acids and Conjugates,5-Amino-2-oxopentanoic acid
FA01 Fatty Acids and Conjugates,Pimelic acid
FA0117 Dicarboxylic acids,Succinic acid
FA0117 Dicarboxylic acids,Glucaric acid
FA0117 Dicarboxylic acids,Azelaic acid
FA0117 Dicarboxylic acids,Traumatic acid
FA0117 Dicarboxylic acids,Itaconic acid
FA0117 Dicarboxylic acids,Sebacic acid
FA0117 Dicarboxylic acids,2-Aminomuconic acid
FA0117 Dicarboxylic acids,3-Propylmalate
FA0117 Dicarboxylic acids,Mesaconic acid
FA0117 Dicarboxylic acids,Pimelic acid
C00042  Butanedionic acid,Succinic acid
C00864  Pantothenic acid (Vitamin B5),Pantothenic acid
Risk category of Japanese OTC drugs [BR:br08312(D07413)],Pantothenic acid
Pantothenic acid,Pantothenic acid
D07413  Pantothenic acid (BAN),Pantothenic acid
Therapeutic category of drugs in Japan [BR:br08301(D00031)],Oxidized glutathione
13  Agents affecting sensory organs,Oxidized glutathione
131  Ophthalmic agents,Oxidized glutathione
1319  Others,Oxidized glutathione
D00031  Oxiglutatione (JAN/INN),Oxidized glutathione
2-Oxocarboxylic acids,Oxoglutaric acid
2-Oxocarboxylic acids,Pyruvic acid
C00026  2-Oxoglutarate,Oxoglutaric acid
Common amino acids,Tyrosine
Common amino acids,Glutamic acid
Common amino acids,Tryptophan
Common amino acids,Serine
Common amino acids,Threonine
Common amino acids,Methionine
C00082  Tyrosine (Tyr),Tyrosine
Drugs listed in the Japanese Pharmacopoeia [BR:br08311(D00022)],Tyrosine
D00022  L-Tyrosine,Tyrosine
C00025  Glutamic acid (Glu),Glutamic acid
Hormones and transmitters,Glutamic acid
Hormones and transmitters,gamma-Aminobutyric acid
Hormones and transmitters,Dopamine
Hormones and transmitters,Dopa
Neurotransmitters,Glutamic acid
Neurotransmitters,gamma-Aminobutyric acid
Neurotransmitters,Dopamine
Neurotransmitters,Dopa
C00025  Glutamate,Glutamic acid
Risk category of Japanese OTC drugs [BR:br08312(D00007)],Glutamic acid
Glutamic acid,Glutamic acid
D00007  Glutamic acid (USP),Glutamic acid
Drugs listed in the Japanese Pharmacopoeia [BR:br08311(D00007)],Glutamic acid
D00007  L-Glutamic acid,Glutamic acid
Aldoses,Glucose
Aldoses,Erythrose
C00031  D-Glucose,Glucose
C00031  D-Glucose,Glucose
Anatomical Therapeutic Chemical (ATC) classification [BR:br08303(D00009)],Glucose
B BLOOD AND BLOOD FORMING ORGANS,Glucose
B BLOOD AND BLOOD FORMING ORGANS,Mannitol
B05 BLOOD SUBSTITUTES AND PERFUSION SOLUTIONS,Glucose
B05 BLOOD SUBSTITUTES AND PERFUSION SOLUTIONS,Mannitol
B05C IRRIGATING SOLUTIONS,Glucose
B05C IRRIGATING SOLUTIONS,Mannitol
B05CX Other irrigating solutions,Glucose
B05CX Other irrigating solutions,Mannitol
B05CX01 Glucose,Glucose
D00009  Glucose (JP18) &lt;JP&gt;,Glucose
D00009  Glucose (JP18) &lt;JP&gt;,Glucose
D00009  Glucose (JP18) &lt;JP&gt;,Glucose
V VARIOUS,Glucose
V VARIOUS,Acetylcysteine
V VARIOUS,Methionine
V VARIOUS,Fructose
V VARIOUS,Mannitol
V VARIOUS,Glutathione
V04 DIAGNOSTIC AGENTS,Glucose
V04 DIAGNOSTIC AGENTS,Mannitol
V04C OTHER DIAGNOSTIC AGENTS,Glucose
V04C OTHER DIAGNOSTIC AGENTS,Mannitol
V04CA Tests for diabetes,Glucose
V04CA02 Glucose,Glucose
V06 GENERAL NUTRIENTS,Glucose
V06 GENERAL NUTRIENTS,Fructose
V06D OTHER NUTRIENTS,Glucose
V06D OTHER NUTRIENTS,Fructose
V06DC Carbohydrates,Glucose
V06DC Carbohydrates,Fructose
V06DC01 Glucose,Glucose
Therapeutic category of drugs in Japan [BR:br08301(D00009)],Glucose
"32  Nutrients, tonics",Glucose
323  Saccharide preparations,Glucose
3231  Glucoses,Glucose
D00009  Glucose (JP18); Purified glucose (JP18),Glucose
Risk category of Japanese OTC drugs [BR:br08312(D00009)],Glucose
Glucose,Glucose
D00009  Glucose (JP18),Glucose
964  Saccharide preparations and blood substitutes,Glucose
9641  Dextrose and preparations,Glucose
Nucleotide sugars [br08020.html],Glucose
Nucleotide sugars [br08020.html],Rhamnose
Nucleotide sugars [br08020.html],N-Acetylneuraminic acid
Nucleotide sugars [br08020.html],Glucuronic acid
Nucleotide sugars [br08020.html],UDP-glucose
Nucleotide sugars [br08020.html],N-Acetyl-D-fucosamine
Nucleotide sugars [br08020.html],N-Acetylmuramate
Nucleotide sugars [br08020.html],N-Acetyl-D-glucosamine
Nucleotide sugars [br08020.html],CMP-N-glycoloylneuraminate
Nucleotide sugars [br08020.html],GDP-L-fucose
Monosaccharides vs nucleotides,Glucose
Monosaccharides vs nucleotides,Rhamnose
Monosaccharides vs nucleotides,N-Acetylneuraminic acid
Monosaccharides vs nucleotides,Glucuronic acid
Monosaccharides vs nucleotides,UDP-glucose
Monosaccharides vs nucleotides,N-Acetyl-D-fucosamine
Monosaccharides vs nucleotides,N-Acetylmuramate
Monosaccharides vs nucleotides,N-Acetyl-D-glucosamine
Monosaccharides vs nucleotides,CMP-N-glycoloylneuraminate
Monosaccharides vs nucleotides,GDP-L-fucose
C00031,Glucose
Drugs listed in the Japanese Pharmacopoeia [BR:br08311(D00009)],Glucose
D00009  Glucose,Glucose
D00009  Purified glucose,Glucose
D00009  Glucose injection,Glucose
Nucleic acids,Adenosine
Nucleic acids,Uridine
Nucleic acids,Thymine
Nucleic acids,Cytidine
Nucleic acids,Uracil
Nucleic acids,Adenine
Nucleic acids,Guanosine monophosphate
Nucleic acids,Uridine 5'-monophosphate
Nucleic acids,Deoxyuridine
Nucleic acids,Deoxycytidine
Nucleic acids,ADP
Nucleic acids,Guanosine
Nucleic acids,Uridine 5'-diphosphate
Nucleosides,Adenosine
Nucleosides,Uridine
Nucleosides,Cytidine
Nucleosides,Deoxyuridine
Nucleosides,Deoxycytidine
Nucleosides,Guanosine
Ribonucleosides,Adenosine
Ribonucleosides,Uridine
Ribonucleosides,Cytidine
Ribonucleosides,Guanosine
C00212  Adenosine (A),Adenosine
Glycosides [BR:br08021],Adenosine
Glycosides [BR:br08021],Inosine
Glycosides [BR:br08021],ADP
Glycosides [BR:br08021],Inosinic acid
Glycosides [BR:br08021],Gratiogenin
Glycosides [BR:br08021],Lotaustralin
Glycosides [BR:br08021],Nicotinate D-ribonucleoside
Glycosides [BR:br08021],Linamarin
Glycosides [BR:br08021],Monotropein
Glycosides [BR:br08021],Gynocardin
Glycosides [BR:br08021],Cardiospermin
N-glycosides,Adenosine
N-glycosides,Inosine
N-glycosides,ADP
N-glycosides,Inosinic acid
N-glycosides,Nicotinate D-ribonucleoside
C00212  Adenosine,Adenosine
Anatomical Therapeutic Chemical (ATC) classification [BR:br08303(D00045)],Adenosine
C CARDIOVASCULAR SYSTEM,Adenosine
C CARDIOVASCULAR SYSTEM,Dopamine
C CARDIOVASCULAR SYSTEM,Phosphocreatine
C01 CARDIAC THERAPY,Adenosine
C01 CARDIAC THERAPY,Dopamine
C01 CARDIAC THERAPY,Phosphocreatine
C01E OTHER CARDIAC PREPARATIONS,Adenosine
C01E OTHER CARDIAC PREPARATIONS,Phosphocreatine
C01EB Other cardiac preparations,Adenosine
C01EB Other cardiac preparations,Phosphocreatine
C01EB10 Adenosine,Adenosine
D00045  Adenosine (JAN/USP) &lt;JP/US&gt;,Adenosine
D00045  Adenosine (JAN/USP) &lt;JP/US&gt;,Adenosine
Therapeutic category of drugs in Japan [BR:br08301(D00045)],Adenosine
79  Other agents not mainly for therapeutic purpose,Adenosine
799  Miscellaneous,Adenosine
7990  Miscellaneous,Adenosine
D00045  Adenosine (JAN/USP),Adenosine
Target-based classification of drugs [BR:br08310(D00045)],Adenosine
Adenosine,Adenosine
ADORA,Adenosine
New drug approvals in Japan [br08318.html(D00045)],Adenosine
Drugs with new active ingredients,Adenosine
Drugs with new active ingredients,Carglumic acid
Drugs with new active ingredients,Betaine
Drugs with new active ingredients,N-Acetylneuraminic acid
D00045,Adenosine
Classification of Japanese OTC drugs [BR:br08313(D00121)],Allantoin
Agents for  urogenital organs and anus,Allantoin
30 Hemorrhoid drugs for external use,Allantoin
D00121  Allantoin (JAN/USP),Allantoin
D00121  Allantoin (JAN/USP),Allantoin
D00121  Allantoin (JAN/USP),Allantoin
D00121  Allantoin (JAN/USP),Allantoin
D00121  Allantoin (JAN/USP),Allantoin
Agents for integumentary system,Allantoin
Agents for integumentary system,Glycerol
55 Chilblain and chap remedies,Allantoin
55 Chilblain and chap remedies,Glycerol
"57 Analgesic, antipruritic, astringent, and anti-inflammatory remedies (incl. gel patches)",Allantoin
Risk category of Japanese OTC drugs [BR:br08312(D00121)],Allantoin
Allantoin,Allantoin
FA0105 Hydroxy fatty acids,2-Hydroxyglutaric acid
FA0105 Hydroxy fatty acids,5-Hydroxypentanoic acid
FA0105 Hydroxy fatty acids,4-Hydroxybutyric acid
C02630  2-Hydroxyglutaric acid,2-Hydroxyglutaric acid
C00078  Tryptophan (Trp),Tryptophan
Anatomical Therapeutic Chemical (ATC) classification [BR:br08303(D00020)],Tryptophan
N06 PSYCHOANALEPTICS,Tryptophan
N06 PSYCHOANALEPTICS,Citicoline
N06A ANTIDEPRESSANTS,Tryptophan
N06AX Other antidepressants,Tryptophan
N06AX02 Tryptophan,Tryptophan
D00020  Tryptophan (USP/INN),Tryptophan
D00020  Tryptophan (USP/INN),Tryptophan
Risk category of Japanese OTC drugs [BR:br08312(D00020)],Tryptophan
L-Tryptophan,Tryptophan
Drugs listed in the Japanese Pharmacopoeia [BR:br08311(D00020)],Tryptophan
D00020  L-Tryptophan,Tryptophan
Others,Xanthine
Others,Xanthosine
Others,Hypoxanthine
Others,Phytuberin
Others,Centarol
Others,Sapelin A
Others,Rishitin
Others,Pisiferic acid
Others,Gratiogenin
Others,alpha-Irone
Purine alkaloids,Xanthine
Purine alkaloids,Xanthosine
Purine alkaloids,Hypoxanthine
C00385  Xanthine,Xanthine
C00299  Uridine (U),Uridine
C00255  Riboflavin (Vitamin B2),Riboflavin
Anatomical Therapeutic Chemical (ATC) classification [BR:br08303(D00050)],Riboflavin
A11HA04 Riboflavin (vit B2),Riboflavin
D00050  Riboflavin (JP18/USP/INN),Riboflavin
D00050  Riboflavin (JP18/USP/INN),Riboflavin
D00050  Riboflavin (JP18/USP/INN),Riboflavin
D00050  Riboflavin (JP18/USP/INN),Riboflavin
D00050  Riboflavin (JP18/USP/INN),Riboflavin
D00050  Riboflavin (JP18/USP/INN),Riboflavin
S SENSORY ORGANS,Riboflavin
S SENSORY ORGANS,Inosine
S SENSORY ORGANS,Acetylcysteine
S01 OPHTHALMOLOGICALS,Riboflavin
S01 OPHTHALMOLOGICALS,Inosine
S01 OPHTHALMOLOGICALS,Acetylcysteine
S01X OTHER OPHTHALMOLOGICALS,Riboflavin
S01X OTHER OPHTHALMOLOGICALS,Inosine
S01X OTHER OPHTHALMOLOGICALS,Acetylcysteine
S01XA Other ophthalmologicals,Riboflavin
S01XA Other ophthalmologicals,Inosine
S01XA Other ophthalmologicals,Acetylcysteine
S01XA26 Riboflavin,Riboflavin
Classification of Japanese OTC drugs [BR:br08313(D00050)],Riboflavin
Nourishing tonics and health supplements,Riboflavin
36 Vitamin B2 based drugs,Riboflavin
40 Vitamin B2B6 based drugs,Riboflavin
43 Vitamin containing supplements,Riboflavin
Risk category of Japanese OTC drugs [BR:br08312(D00050)],Riboflavin
Riboflavin,Riboflavin
Drugs listed in the Japanese Pharmacopoeia [BR:br08311(D00050)],Riboflavin
D00050  Riboflavin,Riboflavin
D00050  Riboflavin powder,Riboflavin
Alkaloids derived from lysine,Pipecolic acid
Alkaloids derived from lysine,Anibine
Alkaloids derived from lysine,Fagomine
Alkaloids derived from lysine,Slaframine
Piperidine alkaloids,Pipecolic acid
Piperidine alkaloids,Anibine
Piperidine alkaloids,Fagomine
C00408  L-Pipecolate,Pipecolic acid
Bases,Thymine
Bases,Uracil
Bases,Adenine
Pyrimidines,Thymine
Pyrimidines,Uracil
C00178  Thymine (Thy),Thymine
FA0110 Amino fatty acids,5-Aminopentanoic acid
FA0110 Amino fatty acids,gamma-Aminobutyric acid
FA0110 Amino fatty acids,2-Aminoisobutyric acid
FA0110 Amino fatty acids,Norleucine
C00431  5-Aminopentanoic acid,5-Aminopentanoic acid
C00475  Cytidine (C),Cytidine
C00106  Uracil (Ura),Uracil
C01420  Cystine,Cystine
C00294  Inosine,Inosine
Anatomical Therapeutic Chemical (ATC) classification [BR:br08303(D00054)],Inosine
D DERMATOLOGICALS,Inosine
D DERMATOLOGICALS,Azelaic acid
D06 ANTIBIOTICS AND CHEMOTHERAPEUTICS FOR DERMATOLOGICAL USE,Inosine
D06B CHEMOTHERAPEUTICS FOR TOPICAL USE,Inosine
D06BB Antivirals,Inosine
D06BB05 Inosine,Inosine
D00054  Inosine (JAN/INN),Inosine
D00054  Inosine (JAN/INN),Inosine
D00054  Inosine (JAN/INN),Inosine
G01AX Other antiinfectives and antiseptics,Inosine
G01AX02 Inosine,Inosine
S01XA10 Inosine,Inosine
C00818  D-Glucaric acid,Glucaric acid
Purines,Adenine
C00147  Adenine (Ade),Adenine
Therapeutic category of drugs in Japan [BR:br08301(D00034)],Adenine
4  Agents affecting cellular function,Adenine
4  Agents affecting cellular function,Penicillamine
41  Cellular function activating agents,Adenine
419  Miscellaneous,Adenine
4191  Adenines,Adenine
D00034  Adenine (JAN/USP),Adenine
C01762  Xanthosine,Xanthosine
C00065  Serine (Ser),Serine
Drugs listed in the Japanese Pharmacopoeia [BR:br08311(D00016)],Serine
D00016  L-Serine,Serine
Nucleotides,Guanosine monophosphate
Nucleotides,Uridine 5'-monophosphate
Nucleotides,ADP
Nucleotides,Uridine 5'-diphosphate
Ribonucleotides,Guanosine monophosphate
Ribonucleotides,Uridine 5'-monophosphate
Ribonucleotides,ADP
Ribonucleotides,Uridine 5'-diphosphate
C00144  GMP,Guanosine monophosphate
Risk category of Japanese OTC drugs [BR:br08312(D00055)],Orotic acid
Orotic acid,Orotic acid
D00055  Orotic acid (JAN),Orotic acid
C00105  UMP,Uridine 5'-monophosphate
FA12 Oxygenated hydrocarbons,Diacetyl
"C00741  2,3-Butanedione",Diacetyl
Deoxyribonucleosides,Deoxyuridine
Deoxyribonucleosides,Deoxycytidine
C00526  Deoxyuridine (dU),Deoxyuridine
C00881  Deoxycytidine (dC),Deoxycytidine
Target-based classification of drugs [BR:br08310(D12465)],Deoxycytidine
Enzymes,Deoxycytidine
Enzymes,Carglumic acid
Transferases (EC2),Deoxycytidine
Phosphotransferase,Deoxycytidine
TK2,Deoxycytidine
D12465  Doxecitine (USAN/INN),Deoxycytidine
Dipeptides,Carnosine
C00386  Carnosine,Carnosine
Cofactors,NAD
Cofactors,Glutathione
Cofactors,UDP-glucose
Coenzymes,NAD
Coenzymes,Glutathione
Coenzymes,UDP-glucose
C00003  NAD,NAD
Anatomical Therapeutic Chemical (ATC) classification [BR:br08303(D00002)],NAD
D00002  Nadide (JAN/USAN/INN),NAD
Sugar alcohols,Glycerol
Sugar alcohols,Mannitol
Sugar alcohols,myo-Inositol
C00116  Glycerol,Glycerol
Anatomical Therapeutic Chemical (ATC) classification [BR:br08303(D00028)],Glycerol
A06 DRUGS FOR CONSTIPATION,Glycerol
A06 DRUGS FOR CONSTIPATION,Mannitol
A06A DRUGS FOR CONSTIPATION,Glycerol
A06A DRUGS FOR CONSTIPATION,Mannitol
A06AG Enemas,Glycerol
A06AG04 Glycerol,Glycerol
D00028  Glycerin (JP18/USP) &lt;JP&gt;,Glycerol
D00028  Glycerin (JP18/USP) &lt;JP&gt;,Glycerol
A06AX Other drugs for constipation,Glycerol
A06AX01 Glycerol,Glycerol
Therapeutic category of drugs in Japan [BR:br08301(D00028)],Glycerol
23  Digestive organ agents,Glycerol
23  Digestive organ agents,Citicoline
23  Digestive organ agents,Ursodeoxycholic acid
"235  Purgatives, clysters",Glycerol
2357  Glycerins,Glycerol
"D00028  Glycerin (JP18/USP); Concentrated glycerin (JP18); Glycerin, concentrated (JAN); Glycerol (INN)",Glycerol
Classification of Japanese OTC drugs [BR:br08313(D00028)],Glycerol
Agents for digestive organs,Glycerol
Agents for digestive organs,Ursodeoxycholic acid
18 Enema,Glycerol
D00028  Glycerin (JP18/USP),Glycerol
D00028  Glycerin (JP18/USP),Glycerol
D00028  Glycerin (JP18/USP),Glycerol
D00028  Glycerin (JP18/USP),Glycerol
Risk category of Japanese OTC drugs [BR:br08312(D00028)],Glycerol
Second-class OTC drugs,Glycerol
Glycerin,Glycerol
Glycerin,Glycerol
93  Agents affecting digestive organs,Glycerol
93  Agents affecting digestive organs,Ursodeoxycholic acid
937  Clysters,Glycerol
9371  Glycerine and preparations,Glycerol
C00116  Glycerine,Glycerol
Drug groups [BR:br08330(D00028)],Glycerol
Gastrointestinal agent,Glycerol
Gastrointestinal agent,Glycerol
Gastrointestinal agent,Ursodeoxycholic acid
DG01770  Laxative,Glycerol
DG01770  Laxative,Glycerol
D00028  Glycerin,Glycerol
D00028  Glycerin,Glycerol
D00028  Glycerin,Glycerol
Drug classes [BR:br08332(D00028)],Glycerol
Drugs listed in the Japanese Pharmacopoeia [BR:br08311(D00028)],Glycerol
D00028  Concentrated glycerin,Glycerol
Anatomical Therapeutic Chemical (ATC) classification [BR:br08303(D07130)],Carglumic acid
A16 OTHER ALIMENTARY TRACT AND METABOLISM PRODUCTS,Carglumic acid
A16 OTHER ALIMENTARY TRACT AND METABOLISM PRODUCTS,Betaine
A16A OTHER ALIMENTARY TRACT AND METABOLISM PRODUCTS,Carglumic acid
A16A OTHER ALIMENTARY TRACT AND METABOLISM PRODUCTS,Betaine
A16AA Amino acids and derivatives,Carglumic acid
A16AA Amino acids and derivatives,Betaine
A16AA05 Carglumic acid,Carglumic acid
D07130  Carglumic acid (JAN/USAN/INN) &lt;JP/US&gt;,Carglumic acid
D07130  Carglumic acid (JAN/USAN/INN) &lt;JP/US&gt;,Carglumic acid
USP drug classification [BR:br08302(D07130)],Carglumic acid
Electrolytes/Minerals/Metals/Vitamins,Carglumic acid
Electrolytes/Minerals/Metals/Vitamins,Penicillamine
Electrolyte/ Mineral Replacement,Carglumic acid
Carglumic  Acid,Carglumic acid
D07130  Carglumic acid (JAN/USAN/INN),Carglumic acid
D07130  Carglumic acid (JAN/USAN/INN),Carglumic acid
Therapeutic category of drugs in Japan [BR:br08301(D07130)],Carglumic acid
399  Miscellaneous,Carglumic acid
399  Miscellaneous,Betaine
3999  Others,Carglumic acid
3999  Others,Betaine
Target-based classification of drugs [BR:br08310(D07130)],Carglumic acid
Ligases (EC6),Carglumic acid
Carbamoyl-phosphate synthase,Carglumic acid
CPS1,Carglumic acid
New drug approvals in the USA [br08319.html(D07130)],Carglumic acid
New molecular entities and new therapeutic biological products,Carglumic acid
New molecular entities and new therapeutic biological products,Benzyl alcohol
D07130,Carglumic acid
D07130,Carglumic acid
D07130,Carglumic acid
D07130,Carglumic acid
D07130,Carglumic acid
New drug approvals in Europe [br08329.html(D07130)],Carglumic acid
European public assessment reports (EPAR) authorised medicine,Carglumic acid
European public assessment reports (EPAR) authorised medicine,Betaine
European public assessment reports (EPAR) authorised medicine,Mannitol
European public assessment reports (EPAR) authorised medicine,Dopa
New drug approvals in Japan [br08318.html(D07130)],Carglumic acid
"New drug approvals in the USA, Europe and Japan [br08328.html(D07130)]",Carglumic acid
"Approval dates by FDA, EMA and PMDA",Carglumic acid
"Approval dates by FDA, EMA and PMDA",Benzyl alcohol
"Approval dates by FDA, EMA and PMDA",Betaine
"Approval dates by FDA, EMA and PMDA",N-Acetylneuraminic acid
Pharmacogenomic biomarkers [br08341.html(D07130)],Carglumic acid
Germline mutations in genetic disorder treatments,Carglumic acid
Anatomical Therapeutic Chemical (ATC) classification [BR:br08303(D00077)],Benzyl alcohol
"P ANTIPARASITIC PRODUCTS, INSECTICIDES AND REPELLENTS",Benzyl alcohol
"P03 ECTOPARASITICIDES, INCL. SCABICIDES, INSECTICIDES AND REPELLENTS",Benzyl alcohol
"P03A ECTOPARASITICIDES, INCL. SCABICIDES",Benzyl alcohol
"P03AX Other ectoparasiticides, incl. scabicides",Benzyl alcohol
P03AX06 Benzyl alcohol,Benzyl alcohol
D00077  Benzyl alcohol (JP18/NF/INN),Benzyl alcohol
D00077  Benzyl alcohol (JP18/NF/INN),Benzyl alcohol
Risk category of Japanese OTC drugs [BR:br08312(D00077)],Benzyl alcohol
Benzyl alcohol,Benzyl alcohol
Drugs listed in the Japanese Pharmacopoeia [BR:br08311(D00077)],Benzyl alcohol
D00077  Benzyl alcohol,Benzyl alcohol
New drug approvals in the USA [br08319.html(D00077)],Benzyl alcohol
D00077,Benzyl alcohol
D00077,Benzyl alcohol
"New drug approvals in the USA, Europe and Japan [br08328.html(D00077)]",Benzyl alcohol
Monocarboxylic acids,Caprylic acid
Monocarboxylic acids,Butyric acid
C06423  Caprylate; Octanoate,Caprylic acid
Lipids,Caprylic acid
Lipids,Palmitic acid
Lipids,Docosahexaenoic acid
Lipids,Stearic acid
Lipids,Palmitoleic acid
Lipids,Myristic acid
Lipids,Eicosenoic acid
Lipids,Dodecanoic acid
Lipids,Icosadienoic acid
Lipids,Butyric acid
Lipids,Arachidic acid
Fatty acids,Caprylic acid
Fatty acids,Caprylic acid
Fatty acids,Palmitic acid
Fatty acids,Palmitic acid
Fatty acids,Docosahexaenoic acid
Fatty acids,Stearic acid
Fatty acids,Stearic acid
Fatty acids,Palmitoleic acid
Fatty acids,Palmitoleic acid
Fatty acids,Myristic acid
Fatty acids,Myristic acid
Fatty acids,Eicosenoic acid
Fatty acids,Dodecanoic acid
Fatty acids,Dodecanoic acid
Fatty acids,Icosadienoic acid
Fatty acids,Butyric acid
Fatty acids,Butyric acid
Fatty acids,Arachidic acid
Fatty acids,Arachidic acid
Saturated fatty acids,Caprylic acid
Saturated fatty acids,Caprylic acid
Saturated fatty acids,Palmitic acid
Saturated fatty acids,Palmitic acid
Saturated fatty acids,Stearic acid
Saturated fatty acids,Stearic acid
Saturated fatty acids,Myristic acid
Saturated fatty acids,Myristic acid
Saturated fatty acids,Dodecanoic acid
Saturated fatty acids,Dodecanoic acid
Saturated fatty acids,Butyric acid
Saturated fatty acids,Butyric acid
Saturated fatty acids,Arachidic acid
Saturated fatty acids,Arachidic acid
C06423  Caprylic acid (8:0),Caprylic acid
FA0101 Straight chain fatty acids,Caprylic acid
FA0101 Straight chain fatty acids,Palmitic acid
FA0101 Straight chain fatty acids,Stearic acid
FA0101 Straight chain fatty acids,Myristic acid
FA0101 Straight chain fatty acids,Dodecanoic acid
FA0101 Straight chain fatty acids,Butyric acid
FA0101 Straight chain fatty acids,Arachidic acid
FA0101 Straight chain fatty acids,Undecanoic acid
FA0101 Straight chain fatty acids,Tridecanoic acid
C06423  Octanoic acid,Caprylic acid
C06423  Octanoic acid,Caprylic acid
Fatty acids related compounds,Caprylic acid
Fatty acids related compounds,Palmitic acid
Fatty acids related compounds,Stearic acid
Fatty acids related compounds,Palmitoleic acid
Fatty acids related compounds,Myristic acid
Fatty acids related compounds,Dodecanoic acid
Fatty acids related compounds,Butyric acid
Fatty acids related compounds,Arachidic acid
C00209  Oxalate,Oxalic acid
C00008  ADP,ADP
C00008  ADP,ADP
Anatomical Therapeutic Chemical (ATC) classification [BR:br08303(D00057)],Citicoline
"N06B PSYCHOSTIMULANTS, AGENTS USED FOR ADHD AND NOOTROPICS",Citicoline
N06BX Other psychostimulants and nootropics,Citicoline
N06BX06 Citicoline,Citicoline
D00057  Citicoline (JP18/INN) &lt;JP&gt;,Citicoline
Therapeutic category of drugs in Japan [BR:br08301(D00057)],Citicoline
D00057  Citicoline (JP18/INN),Citicoline
D00057  Citicoline (JP18/INN),Citicoline
239  Miscellaneous,Citicoline
2399  Others,Citicoline
Drugs listed in the Japanese Pharmacopoeia [BR:br08311(D00057)],Citicoline
D00057  Citicoline,Citicoline
C00130  IMP,Inosinic acid
C00250  Pyridoxal (Vitamin B6),Pyridoxal
Pyridoxine hydrochloride,Pyridoxal
C00250  Pyridoxal,Pyridoxal
Anatomical Therapeutic Chemical (ATC) classification [BR:br08303(D00221)],Acetylcysteine
R RESPIRATORY SYSTEM,Acetylcysteine
R RESPIRATORY SYSTEM,Mannitol
R05 COUGH AND COLD PREPARATIONS,Acetylcysteine
R05 COUGH AND COLD PREPARATIONS,Mannitol
"R05C EXPECTORANTS, EXCL. COMBINATIONS WITH COUGH SUPPRESSANTS",Acetylcysteine
"R05C EXPECTORANTS, EXCL. COMBINATIONS WITH COUGH SUPPRESSANTS",Mannitol
R05CB Mucolytics,Acetylcysteine
R05CB Mucolytics,Mannitol
R05CB01 Acetylcysteine,Acetylcysteine
D00221  Acetylcysteine (JP18/USP/INN) &lt;JP/US&gt;,Acetylcysteine
D00221  Acetylcysteine (JP18/USP/INN) &lt;JP/US&gt;,Acetylcysteine
D00221  Acetylcysteine (JP18/USP/INN) &lt;JP/US&gt;,Acetylcysteine
S01XA08 Acetylcysteine,Acetylcysteine
V03 ALL OTHER THERAPEUTIC PRODUCTS,Acetylcysteine
V03 ALL OTHER THERAPEUTIC PRODUCTS,Methionine
V03 ALL OTHER THERAPEUTIC PRODUCTS,Glutathione
V03A ALL OTHER THERAPEUTIC PRODUCTS,Acetylcysteine
V03A ALL OTHER THERAPEUTIC PRODUCTS,Methionine
V03A ALL OTHER THERAPEUTIC PRODUCTS,Glutathione
V03AB Antidotes,Acetylcysteine
V03AB Antidotes,Methionine
V03AB Antidotes,Glutathione
V03AB23 Acetylcysteine,Acetylcysteine
USP drug classification [BR:br08302(D00221)],Acetylcysteine
Respiratory Tract/Pulmonary Agents,Acetylcysteine
Respiratory Tract/Pulmonary Agents,Mannitol
"Respiratory Tract Agents, Other",Acetylcysteine
Immunomodulators,Acetylcysteine
Acetylcysteine,Acetylcysteine
D00221  Acetylcysteine (JP18/USP/INN),Acetylcysteine
D00221  Acetylcysteine (JP18/USP/INN),Acetylcysteine
D00221  Acetylcysteine (JP18/USP/INN),Acetylcysteine
D00221  Acetylcysteine (JP18/USP/INN),Acetylcysteine
Therapeutic category of drugs in Japan [BR:br08301(D00221)],Acetylcysteine
22  Respiratory organ agents,Acetylcysteine
223  Expectorants,Acetylcysteine
2233  Cysteines,Acetylcysteine
26  Epidermides,Acetylcysteine
269  Miscellaneous,Acetylcysteine
2699  Others,Acetylcysteine
392  Antidotes,Acetylcysteine
392  Antidotes,Glutathione
392  Antidotes,Penicillamine
3929  Others,Acetylcysteine
3929  Others,Penicillamine
Drugs listed in the Japanese Pharmacopoeia [BR:br08311(D00221)],Acetylcysteine
D00221  Acetylcysteine,Acetylcysteine
C00387  Guanosine (G),Guanosine
C08261  Nonanedioic acid,Azelaic acid
Anatomical Therapeutic Chemical (ATC) classification [BR:br08303(D03034)],Azelaic acid
D10 ANTI-ACNE PREPARATIONS,Azelaic acid
D10A ANTI-ACNE PREPARATIONS FOR TOPICAL USE,Azelaic acid
D10AX Other anti-acne preparations for topical use,Azelaic acid
D10AX03 Azelaic acid,Azelaic acid
D03034  Azelaic acid (USAN/INN) &lt;US&gt;,Azelaic acid
USP drug classification [BR:br08302(D03034)],Azelaic acid
Dermatological Agents,Azelaic acid
Acne and Rosacea Agents,Azelaic acid
"Acne and Rosacea Agents, Other",Azelaic acid
Azelaic Acid,Azelaic acid
D03034  Azelaic acid (USAN/INN),Azelaic acid
C16308  (2E)-Dodec-2-enedioic acid,Traumatic acid
Phenylpropanoids,Burseran
Lignans,Burseran
Lignans,Burseran
C10547  Burseran,Burseran
ST04 Bile acids and derivatives,Sulfolithocholylglycine
ST04 Bile acids and derivatives,Ursodeoxycholic acid
"ST0402 C26 bile acids, alcohols, and derivatives",Sulfolithocholylglycine
C11301  Sulfolithocholylglycine,Sulfolithocholylglycine
ST0503 Glycine conjugates,Sulfolithocholylglycine
C11301  Sulfoglycolithocholate,Sulfolithocholylglycine
C00249  Palmitic acid (16:0),Palmitic acid
C00249  Hexadecanoic acid,Palmitic acid
C00249  Palmitic acid,Palmitic acid
Unsaturated fatty acids,Docosahexaenoic acid
Unsaturated fatty acids,Palmitoleic acid
Unsaturated fatty acids,Palmitoleic acid
Unsaturated fatty acids,Eicosenoic acid
Unsaturated fatty acids,Icosadienoic acid
"C06429  Docosahexaenoic acid (22:6;4,7,10,13,16,19)",Docosahexaenoic acid
FA0103 Unsaturated fatty acids,Docosahexaenoic acid
FA0103 Unsaturated fatty acids,Palmitoleic acid
FA0103 Unsaturated fatty acids,Eicosenoic acid
FA0103 Unsaturated fatty acids,Adrenic acid
FA0103 Unsaturated fatty acids,Icosadienoic acid
Polyunsaturated fatty acids,Docosahexaenoic acid
Polyunsaturated fatty acids,Adrenic acid
Polyunsaturated fatty acids,Icosadienoic acid
"C06429  (4Z,7Z,10Z,13Z,16Z,19Z)-Docosa-4,7,10,13,16,19-hexaenoic acid",Docosahexaenoic acid
FA04 Docosanoids,Docosahexaenoic acid
FA04 Docosanoids,Adrenic acid
FA0400 Other Docosanoids,Docosahexaenoic acid
FA0400 Other Docosanoids,Adrenic acid
"C06429  (4Z,7Z,10Z,13Z,16Z,19Z)-Docosahexaenoic acid",Docosahexaenoic acid
C01530  Stearic acid (18:0),Stearic acid
C01530  Octadecanoic acid,Stearic acid
C01530  Stearic acid,Stearic acid
Risk category of Japanese OTC drugs [BR:br08312(D00119)],Stearic acid
Stearic acid,Stearic acid
D00119  Stearic acid (JP18/NF),Stearic acid
Drugs listed in the Japanese Pharmacopoeia [BR:br08311(D00119)],Stearic acid
D00119  Stearic acid,Stearic acid
C08362  Palmitoleic acid (16:1;9),Palmitoleic acid
Monounsaturated fatty acids,Palmitoleic acid
Monounsaturated fatty acids,Eicosenoic acid
C08362  (Z)-Hexadec-9-enoic acid,Palmitoleic acid
C08362  Palmitoleic acid,Palmitoleic acid
C00262  Hypoxanthine,Hypoxanthine
Terpenoids,Phytuberin
Terpenoids,Centarol
Terpenoids,2-Deoxycastasterone
Terpenoids,Sapelin A
Terpenoids,Caryoptin
Terpenoids,Rishitin
Terpenoids,Pisiferic acid
Terpenoids,Castasterone
Terpenoids,Gratiogenin
Terpenoids,Barringtogenol C
Terpenoids,alpha-Irone
Terpenoids,Hymenoxon
Terpenoids,Monotropein
Terpenoids,Quassin
Sesquiterpenoids (C15),Phytuberin
Sesquiterpenoids (C15),Centarol
Sesquiterpenoids (C15),Rishitin
Sesquiterpenoids (C15),alpha-Irone
Sesquiterpenoids (C15),Hymenoxon
C09709  Phytuberin,Phytuberin
L-Alanine,Alanine
C01401  Alanine,Alanine
C02804  5-Hydroxypentanoic acid,5-Hydroxypentanoic acid
PR  Prenol lipids,Retinyl ester
PR  Prenol lipids,Botrydial
PR  Prenol lipids,Latia luciferin
PR  Prenol lipids,Monotropein
PR01 Isoprenoids,Retinyl ester
PR01 Isoprenoids,Botrydial
PR01 Isoprenoids,Latia luciferin
PR01 Isoprenoids,Monotropein
PR0109 Retinoids,Retinyl ester
C02075  Retinyl ester,Retinyl ester
C00188  Threonine (Thr),Threonine
Risk category of Japanese OTC drugs [BR:br08312(D00041)],Threonine
L-Threonine,Threonine
D00041  Threonine (USP),Threonine
Drugs listed in the Japanese Pharmacopoeia [BR:br08311(D00041)],Threonine
D00041  L-Threonine,Threonine
C00334  gamma-Aminobutyric acid,gamma-Aminobutyric acid
Amines,gamma-Aminobutyric acid
Amines,beta-Alanine
Amines,Dopamine
Biogenic amines,gamma-Aminobutyric acid
Biogenic amines,beta-Alanine
Biogenic amines,Dopamine
Biogenic amines,Dopamine
C00334  gamma-Aminobutyric acid (GABA),gamma-Aminobutyric acid
C00334  GABA,gamma-Aminobutyric acid
C00334  4-Aminobutanoic acid,gamma-Aminobutyric acid
Anatomical Therapeutic Chemical (ATC) classification [BR:br08303(D00058)],gamma-Aminobutyric acid
N03 ANTIEPILEPTICS,gamma-Aminobutyric acid
N03A ANTIEPILEPTICS,gamma-Aminobutyric acid
N03AG Fatty acid derivatives,gamma-Aminobutyric acid
N03AG03 Aminobutyric acid,gamma-Aminobutyric acid
D00058  gamma-Aminobutyric acid (JAN) &lt;JP&gt;,gamma-Aminobutyric acid
D00058  gamma-Aminobutyric acid (JAN) &lt;JP&gt;,gamma-Aminobutyric acid
D00058  gamma-Aminobutyric acid (JAN) &lt;JP&gt;,gamma-Aminobutyric acid
Therapeutic category of drugs in Japan [BR:br08301(D00058)],gamma-Aminobutyric acid
219  Miscellaneous,gamma-Aminobutyric acid
219  Miscellaneous,Mannitol
2190  Miscellaneous,gamma-Aminobutyric acid
2190  Miscellaneous,Mannitol
D00058  gamma-Aminobutyric acid (JAN),gamma-Aminobutyric acid
Drug groups [BR:br08330(D00058)],gamma-Aminobutyric acid
DG01567  GABA-A receptor agonist,gamma-Aminobutyric acid
D00058  gamma-Aminobutyric acid,gamma-Aminobutyric acid
D00058  gamma-Aminobutyric acid,gamma-Aminobutyric acid
D00058  gamma-Aminobutyric acid,gamma-Aminobutyric acid
D00058  gamma-Aminobutyric acid,gamma-Aminobutyric acid
DG01565  GABA-B receptor agonist,gamma-Aminobutyric acid
DG03199  Antiepileptic agent,gamma-Aminobutyric acid
DG03199  Antiepileptic agent,gamma-Aminobutyric acid
DG02037  GABA mimetic antiepileptic,gamma-Aminobutyric acid
Drug classes [BR:br08332(D00058)],gamma-Aminobutyric acid
Target-based classification of drugs [BR:br08310(D00058)],gamma-Aminobutyric acid
Metabotropic glutamate receptor family,gamma-Aminobutyric acid
GABA (metabotropic),gamma-Aminobutyric acid
GABBR,gamma-Aminobutyric acid
Ion channels,gamma-Aminobutyric acid
Ligand-gated ion channels,gamma-Aminobutyric acid
GABA (ionotropic),gamma-Aminobutyric acid
GABR,gamma-Aminobutyric acid
ST0502 Sulfates,Cholesterol sulfate
C18043  Cholesterol sulfate,Cholesterol sulfate
C00073  Methionine (Met),Methionine
Anatomical Therapeutic Chemical (ATC) classification [BR:br08303(D00019)],Methionine
V03AB26 Methionine,Methionine
D00019  Methionine (USP),Methionine
D00019  Methionine (USP),Methionine
Risk category of Japanese OTC drugs [BR:br08312(D00019)],Methionine
Methionine,Methionine
Drugs listed in the Japanese Pharmacopoeia [BR:br08311(D00019)],Methionine
D00019  L-Methionine,Methionine
C06424  Myristic acid (14:0),Myristic acid
C06424  Tetradecanoic acid,Myristic acid
C06424  Myristic acid,Myristic acid
Anatomical Therapeutic Chemical (ATC) classification [BR:br08303],Fructose
Anatomical Therapeutic Chemical (ATC) classification [BR:br08303],Phosphocreatine
Anatomical Therapeutic Chemical (ATC) classification [BR:br08303],Cidofovir
V06DC02 Fructose,Fructose
C01496  Fructose,Fructose
C00989  4-Hydroxybutanoate,4-Hydroxybutyric acid
C00989  4-Hydroxybutanoic acid,4-Hydroxybutyric acid
C00989  4-Hydroxybutanoic acid,4-Hydroxybutyric acid
Drug groups [BR:br08330],4-Hydroxybutyric acid
Drug groups [BR:br08330],Cidofovir
DG02030  Anesthetics,4-Hydroxybutyric acid
DG02027  General anesthetics,4-Hydroxybutyric acid
DG00798  Hydroxybutyric acid,4-Hydroxybutyric acid
Narcotics and psychotropics in Japan [br08308.html],4-Hydroxybutyric acid
Narcotics by Cabinet Order Article 1 (163 substances),4-Hydroxybutyric acid
C00989,4-Hydroxybutyric acid
C10127  Anibine,Anibine
SP  Sphingolipids,Sphingosine 1-phosphate
SP  Sphingolipids,Sphinganine 1-phosphate
SP01 Sphingoid bases,Sphingosine 1-phosphate
SP01 Sphingoid bases,Sphinganine 1-phosphate
SP0105 Sphingoid base 1-phosphates,Sphingosine 1-phosphate
SP0105 Sphingoid base 1-phosphates,Sphinganine 1-phosphate
C06124  Sphingosine 1-phosphate,Sphingosine 1-phosphate
C16526  Icosenoic acid (20:1;11),Eicosenoic acid
C16526  (Z)-Icos-11-enoic acid,Eicosenoic acid
FA07 Fatty esters,Palmitoylcarnitine
FA07 Fatty esters,Octanoylcarnitine
FA0707 Fatty acyl carnitines,Palmitoylcarnitine
FA0707 Fatty acyl carnitines,Octanoylcarnitine
C02990  L-Palmitoylcarnitine,Palmitoylcarnitine
Anatomical Therapeutic Chemical (ATC) classification [BR:br08303(D07523)],Betaine
A16AA06 Betaine,Betaine
D07523  Betaine (JAN) &lt;JP/US&gt;,Betaine
USP drug classification [BR:br08302(D07523)],Betaine
"Genetic, Enzyme, or Protein Disorder: Replacement, Modifiers, Treatment",Betaine
Betaine,Betaine
Betaine,Betaine
D07523  Betaine (JAN),Betaine
D07523  Betaine (JAN),Betaine
D07523  Betaine (JAN),Betaine
Therapeutic category of drugs in Japan [BR:br08301(D07523)],Betaine
Risk category of Japanese OTC drugs [BR:br08312(D07523)],Betaine
New drug approvals in Europe [br08329.html(D07523)],Betaine
D07523,Betaine
D07523,Betaine
D07523,Betaine
New drug approvals in Japan [br08318.html(D07523)],Betaine
"New drug approvals in the USA, Europe and Japan [br08328.html(D07523)]",Betaine
C09632  Centarol,Centarol
C02679  Lauric acid (12:0),Dodecanoic acid
C02679  Dodecanoic acid,Dodecanoic acid
C02679  Lauric acid,Dodecanoic acid
3-Oxocarboxylic acids,Acetoacetic acid
C00164  Acetoacetate; 3-Oxobutanoate,Acetoacetic acid
FA0106 Oxo fatty acids,Acetoacetic acid
FA0106 Oxo fatty acids,Pyruvic acid
FA0106 Oxo fatty acids,3-Oxododecanoic acid
FA0106 Oxo fatty acids,8-Amino-7-oxononanoate
FA0106 Oxo fatty acids,5-Amino-2-oxopentanoic acid
C00164  3-Oxobutanoic acid,Acetoacetic acid
Deoxy sugars,Rhamnose
C00507  L-Rhamnose,Rhamnose
C00507,Rhamnose
C00392  Mannitol,Mannitol
Anatomical Therapeutic Chemical (ATC) classification [BR:br08303(D00062)],Mannitol
A06AD Osmotically acting laxatives,Mannitol
A06AD16 Mannitol,Mannitol
D00062  Mannitol (USP) &lt;JP/US&gt;,Mannitol
D00062  Mannitol (USP) &lt;JP/US&gt;,Mannitol
D00062  Mannitol (USP) &lt;JP/US&gt;,Mannitol
D00062  Mannitol (USP) &lt;JP/US&gt;,Mannitol
D00062  Mannitol (USP) &lt;JP/US&gt;,Mannitol
B05B I.V. SOLUTIONS,Mannitol
B05BC Solutions producing osmotic diuresis,Mannitol
B05BC01 Mannitol,Mannitol
B05CX04 Mannitol,Mannitol
R05CB16 Mannitol,Mannitol
V04CX Other diagnostic agents,Mannitol
V04CX04 Mannitol,Mannitol
USP drug classification [BR:br08302(D00062)],Mannitol
Cystic Fibrosis Agents,Mannitol
"Cystic Fibrosis Agents, Other",Mannitol
Mannitol,Mannitol
D00062  Mannitol (USP),Mannitol
Therapeutic category of drugs in Japan [BR:br08301(D00062)],Mannitol
D00062  Mannitol (USP); D-Mannitol (JP18),Mannitol
Drugs listed in the Japanese Pharmacopoeia [BR:br08311(D00062)],Mannitol
D00062  D-Mannitol,Mannitol
D00062  D-Mannitol injection,Mannitol
New drug approvals in Europe [br08329.html(D00062)],Mannitol
D00062,Mannitol
C00099  beta-Alanine,beta-Alanine
C00099  beta-Alanine,beta-Alanine
C02838  L-Octanoylcarnitine,Octanoylcarnitine
ST01 Sterols,2-Deoxycastasterone
ST01 Sterols,6-Deoxocastasterone
ST01 Sterols,Castasterone
ST01 Sterols,6alpha-Hydroxycastasterone
ST0103 Ergosterols and C24-methyl derivatives,2-Deoxycastasterone
ST0103 Ergosterols and C24-methyl derivatives,6-Deoxocastasterone
ST0103 Ergosterols and C24-methyl derivatives,Castasterone
ST0103 Ergosterols and C24-methyl derivatives,6alpha-Hydroxycastasterone
C15793  Typhasterol,2-Deoxycastasterone
C15793  Typhasterol,2-Deoxycastasterone
Steroids,2-Deoxycastasterone
Steroids,Ursodeoxycholic acid
Steroids,Castasterone
Ergostane,2-Deoxycastasterone
Ergostane,Castasterone
C00417  cis-Aconitate,cis-Aconitic acid
C00051  Glutathione,Glutathione
C00051  Glutathione,Glutathione
Anatomical Therapeutic Chemical (ATC) classification [BR:br08303(D00014)],Glutathione
V03AB32 Glutathione,Glutathione
D00014  Glutathione (JP18) &lt;JP&gt;,Glutathione
Therapeutic category of drugs in Japan [BR:br08301(D00014)],Glutathione
3922  Glutathiones,Glutathione
D00014  Glutathione (JP18),Glutathione
9676  Other amino acid and preparations,Glutathione
Drugs listed in the Japanese Pharmacopoeia [BR:br08311(D00014)],Glutathione
D00014  Glutathione,Glutathione
Triterpenoids (C30),Sapelin A
Triterpenoids (C30),Gratiogenin
Triterpenoids (C30),Barringtogenol C
Triterpenoids (C30),Quassin
C08634  Sapelin A,Sapelin A
C00022  Pyruvate; 2-Oxopropanoate,Pyruvic acid
C00022  2-Oxopropanoic acid,Pyruvic acid
C01120  Sphinganine 1-phosphate,Sphinganine 1-phosphate
24-Carbon atoms,Ursodeoxycholic acid
Cholane derivatives,Ursodeoxycholic acid
C07880  Ursodiol,Ursodeoxycholic acid
"ST0401 C24 bile acids, alcohols, and derivatives",Ursodeoxycholic acid
C07880  Ursodeoxycholic acid,Ursodeoxycholic acid
C07880  Ursodeoxycholic acid,Ursodeoxycholic acid
Anatomical Therapeutic Chemical (ATC) classification [BR:br08303(D00734)],Ursodeoxycholic acid
A05 BILE AND LIVER THERAPY,Ursodeoxycholic acid
A05A BILE THERAPY,Ursodeoxycholic acid
A05AA Bile acids and derivatives,Ursodeoxycholic acid
A05AA02 Ursodeoxycholic acid,Ursodeoxycholic acid
D00734  Ursodiol (USP) &lt;JP/US&gt;,Ursodeoxycholic acid
D00734  Ursodiol (USP) &lt;JP/US&gt;,Ursodeoxycholic acid
USP drug classification [BR:br08302(D00734)],Ursodeoxycholic acid
Gastrointestinal Agents,Ursodeoxycholic acid
"Gastrointestinal Agents, Other",Ursodeoxycholic acid
Ursodiol,Ursodeoxycholic acid
D00734  Ursodiol (USP),Ursodeoxycholic acid
D00734  Ursodiol (USP),Ursodeoxycholic acid
D00734  Ursodiol (USP),Ursodeoxycholic acid
D00734  Ursodiol (USP),Ursodeoxycholic acid
D00734  Ursodiol (USP),Ursodeoxycholic acid
Therapeutic category of drugs in Japan [BR:br08301(D00734)],Ursodeoxycholic acid
236  Cholagogues,Ursodeoxycholic acid
2362  Bile acids,Ursodeoxycholic acid
D00734  Ursodiol (USP); Ursodeoxycholic acid (JP18/INN),Ursodeoxycholic acid
Classification of Japanese OTC drugs [BR:br08313(D00734)],Ursodeoxycholic acid
11 Stomachics,Ursodeoxycholic acid
13 Digestives,Ursodeoxycholic acid
"14 Two or more combinations from antacids, stomachics, digestives, and intestinal regulators",Ursodeoxycholic acid
Risk category of Japanese OTC drugs [BR:br08312(D00734)],Ursodeoxycholic acid
Ursodeoxycholic acid,Ursodeoxycholic acid
935  Cholagogues,Ursodeoxycholic acid
"9351  Bile acid, derivatives preparations",Ursodeoxycholic acid
Drug groups [BR:br08330(D00734)],Ursodeoxycholic acid
DG01956  Bile acid preparation,Ursodeoxycholic acid
D00734  Ursodiol,Ursodeoxycholic acid
Target-based classification of drugs [BR:br08310(D00734)],Ursodeoxycholic acid
Nuclear receptors,Ursodeoxycholic acid
Thyroid hormone like receptors,Ursodeoxycholic acid
Liver X receptor like receptor,Ursodeoxycholic acid
NR1H4 (FXR),Ursodeoxycholic acid
Drugs listed in the Japanese Pharmacopoeia [BR:br08311(D00734)],Ursodeoxycholic acid
D00734  Ursodeoxycholic acid,Ursodeoxycholic acid
D00734  Ursodeoxycholic acid tablets,Ursodeoxycholic acid
D00734  Ursodeoxycholic acid granules,Ursodeoxycholic acid
Diterpenoids (C20),Caryoptin
Diterpenoids (C20),Pisiferic acid
Clerodanes,Caryoptin
C09070  Caryoptin,Caryoptin
C02341  trans-Aconitate,trans-Aconitic acid
Amino sugars,N-Acetylneuraminic acid
Amino sugars,N-Acetyl-D-fucosamine
Amino sugars,Muramic acid
Amino sugars,N-Acetylmuramate
Amino sugars,N-Acetyl-D-glucosamine
C00270  N-Acetylneuraminic acid,N-Acetylneuraminic acid
C00270,N-Acetylneuraminic acid
Anatomical Therapeutic Chemical (ATC) classification [BR:br08303(D11016)],N-Acetylneuraminic acid
M MUSCULO-SKELETAL SYSTEM,N-Acetylneuraminic acid
M MUSCULO-SKELETAL SYSTEM,Penicillamine
M09 OTHER DRUGS FOR DISORDERS OF THE MUSCULO-SKELETAL SYSTEM,N-Acetylneuraminic acid
M09A OTHER DRUGS FOR DISORDERS OF THE MUSCULO-SKELETAL SYSTEM,N-Acetylneuraminic acid
M09AX Other drugs for disorders of the musculo-skeletal system,N-Acetylneuraminic acid
M09AX05 Aceneuramic acid,N-Acetylneuraminic acid
D11016  Aceneuramic acid (JAN/USAN) &lt;JP&gt;,N-Acetylneuraminic acid
Therapeutic category of drugs in Japan [BR:br08301(D11016)],N-Acetylneuraminic acid
19  Other agents affecting nervous system and sensory organs,N-Acetylneuraminic acid
190  Other agents affecting nervous system and sensory organs,N-Acetylneuraminic acid
1900  Other agents affecting nervous system and sensory organs,N-Acetylneuraminic acid
D11016  Aceneuramic acid (JAN/USAN),N-Acetylneuraminic acid
Drug groups [BR:br08330(D11016)],N-Acetylneuraminic acid
Unclassified,N-Acetylneuraminic acid
DG03304  NPL substrate,N-Acetylneuraminic acid
DG02580  Aceneuramic acid,N-Acetylneuraminic acid
D11016  Aceneuramic acid,N-Acetylneuraminic acid
New drug approvals in Japan [br08318.html(D11016)],N-Acetylneuraminic acid
D11016,N-Acetylneuraminic acid
D11016,N-Acetylneuraminic acid
D11016,N-Acetylneuraminic acid
"New drug approvals in the USA, Europe and Japan [br08328.html(D11016)]",N-Acetylneuraminic acid
Drug metabolizing enzymes and transporters [br08309.html(D11016)],N-Acetylneuraminic acid
Drug metabolizing enzymes,N-Acetylneuraminic acid
Drug metabolizing enzymes,Dopamine
C00191  D-Glucuronic acid,Glucuronic acid
Sodium glucuronate hydrate,Glucuronic acid
C00191  D-Glucuronate,Glucuronic acid
C00191,Glucuronic acid
C02367  3-Oxododecanoic acid,3-Oxododecanoic acid
C15802  6-Deoxocastasterone,6-Deoxocastasterone
C00490  Itaconic acid,Itaconic acid
C09715  Rishitin,Rishitin
C01092  8-Amino-7-oxononanoic acid,8-Amino-7-oxononanoate
C00029  UDP-glucose,UDP-glucose
C00029,UDP-glucose
PR0103 C15 isoprenoids (sesquiterpenes),Botrydial
PR0103 C15 isoprenoids (sesquiterpenes),Latia luciferin
PR010364 Botrydial sesquiterpenoids,Botrydial
C09622  Botrydial,Botrydial
C09163  Pisiferic acid,Pisiferic acid
C15794  Castasterone,Castasterone
C15794  Castasterone,Castasterone
Secondary metabolites in pathway maps [br08011.html],Castasterone
Secondary metabolites in pathway maps [br08011.html],Slaframine
Biosynthetic pathways and modules of secondary metabolites,Castasterone
Biosynthetic pathways and modules of secondary metabolites,Slaframine
C15794,Castasterone
C10144  Fagomine,Fagomine
C08808  Gratiogenin,Gratiogenin
C08808  Gratiogenin,Gratiogenin
O-glycosides,Gratiogenin
O-glycosides,Lotaustralin
O-glycosides,Linamarin
O-glycosides,Monotropein
O-glycosides,Gynocardin
O-glycosides,Cardiospermin
Saponins,Gratiogenin
Triterpenoid,Gratiogenin
C01796  D-Erythrose,Erythrose
"C16527  (7Z,10Z,13Z,16Z)-Docosa-7,10,13,16-tetraenoic acid",Adrenic acid
"C16527  (7Z,10Z,13Z,16Z)-Docosa-7,10,13,16-tetraenoic acid",Adrenic acid
C15480  N-Acetyl-D-fucosamine,N-Acetyl-D-fucosamine
C15480,N-Acetyl-D-fucosamine
"C16525  Icosadienoic acid (20:2;11,14)",Icosadienoic acid
"C16525  (11Z,14Z)-Icosa-11,14-dienoic acid",Icosadienoic acid
C08277  Decanedioic acid,Sebacic acid
C00246  Butyrate; Butanoate,Butyric acid
C00246  Butyric acid (4:0),Butyric acid
C00246  Butanoic acid,Butyric acid
C00246  Butyric acid,Butyric acid
"C02220  (2E,4Z)-2-Aminohexa-2,4-dienedioic acid",2-Aminomuconic acid
C06470  Muramic acid,Muramic acid
Amino acid related compounds,Lotaustralin
Amino acid related compounds,Linamarin
Amino acid related compounds,Gynocardin
Amino acid related compounds,Cardiospermin
Cyanogenic glucosides,Lotaustralin
Cyanogenic glucosides,Linamarin
Cyanogenic glucosides,Gynocardin
Cyanogenic glucosides,Cardiospermin
Cyanogenic glucosides derived from valine or isoleucine,Lotaustralin
Cyanogenic glucosides derived from valine or isoleucine,Linamarin
C08334  Lotaustralin,Lotaustralin
C08334  Lotaustralin,Lotaustralin
Cyanogenic glycosides,Lotaustralin
Cyanogenic glycosides,Linamarin
Cyanogenic glycosides,Gynocardin
Cyanogenic glycosides,Cardiospermin
Indolizidine alkaloids,Slaframine
C06185  Slaframine,Slaframine
C06185,Slaframine
C00137  myo-Inositol,myo-Inositol
Anatomical Therapeutic Chemical (ATC) classification [BR:br08303(D08079)],myo-Inositol
A11HA07 Inositol,myo-Inositol
D08079  Inositol (NF),myo-Inositol
D08079  Inositol (NF),myo-Inositol
Risk category of Japanese OTC drugs [BR:br08312(D08079)],myo-Inositol
Inositol,myo-Inositol
C05841  Nicotinate D-ribonucleoside,Nicotinate D-ribonucleoside
Alkaloids derived from ornithine,Homostachydrine
Alkaloids derived from ornithine,Retronecine
Alkaloids derived from ornithine,Otonecine
Alkaloids derived from ornithine,Heliotridine
Pyrrolidine alkaloids,Homostachydrine
C08283  Homostachydrine,Homostachydrine
C06425  Arachidic acid (20:0),Arachidic acid
C06425  Icosanoic acid,Arachidic acid
C06425  Arachidic acid,Arachidic acid
PR010305 Cyclofarnesane sesquiterpenoids,Latia luciferin
C02293  Latia luciferin,Latia luciferin
C15803  6alpha-Hydroxycastasterone,6alpha-Hydroxycastasterone
C03665  2-Aminoisobutyric acid,2-Aminoisobutyric acid
C17715  Undecanoic acid,Undecanoic acid
C01879  Pidolic acid,Pyroglutamic acid
C02123  3-Propylmalic acid,3-Propylmalate
Oleananes,Barringtogenol C
C08931  Barringtogenol C,Barringtogenol C
C09690  alpha-Irone,alpha-Irone
C01732  Mesaconic acid,Mesaconic acid
C01594  Linamarin,Linamarin
C01594  Linamarin,Linamarin
FA0102 Branched fatty acids,Tuberculostearic acid
C16794  10-Methyloctadecanoic acid,Tuberculostearic acid
Anatomical Therapeutic Chemical (ATC) classification [BR:br08303(D00496)],Penicillamine
M01 ANTIINFLAMMATORY AND ANTIRHEUMATIC PRODUCTS,Penicillamine
M01C SPECIFIC ANTIRHEUMATIC AGENTS,Penicillamine
M01CC Penicillamine and similar agents,Penicillamine
M01CC01 Penicillamine,Penicillamine
D00496  Penicillamine (JAN/USP/INN) &lt;JP/US&gt;,Penicillamine
USP drug classification [BR:br08302(D00496)],Penicillamine
Electrolyte/Mineral/Metal Modifiers,Penicillamine
Penicillamine,Penicillamine
Penicillamine,Penicillamine
D00496  Penicillamine (JAN/USP/INN),Penicillamine
D00496  Penicillamine (JAN/USP/INN),Penicillamine
D00496  Penicillamine (JAN/USP/INN),Penicillamine
D00496  Penicillamine (JAN/USP/INN),Penicillamine
Genitourinary Agents,Penicillamine
"Genitourinary Agents, Other",Penicillamine
Therapeutic category of drugs in Japan [BR:br08301(D00496)],Penicillamine
44  Allergic agents,Penicillamine
443  Nonspecific immunogen preparations,Penicillamine
4430  Nonspecific immunogen preparations,Penicillamine
Drug groups [BR:br08330(D00496)],Penicillamine
Anti-inflammatory,Penicillamine
DG01985  Disease modifying anti-rheumatic drug (DMARD),Penicillamine
DG01985  Disease modifying anti-rheumatic drug (DMARD),Penicillamine
DG00763  Penicillamine,Penicillamine
DG00763  Penicillamine,Penicillamine
D00496  Penicillamine,Penicillamine
D00496  Penicillamine,Penicillamine
D00496  Penicillamine,Penicillamine
Vitamin and mineral,Penicillamine
DG01692  Chelator,Penicillamine
Drug classes [BR:br08332(D00496)],Penicillamine
Antirheumatic agent,Penicillamine
Pseudoguaianolide,Hymenoxon
C09482  Hymenoxon,Hymenoxon
C01933  (S)-2-Aminohexanoic acid,Norleucine
Oligosaccharides,Xylobiose
Disaccharides,Xylobiose
C01630  Xylobiose,Xylobiose
PR0102 C10 isoprenoids (monoterpenes),Monotropein
"PR010207 Iridoid, 10-alkyliridoid and secoiridoid monoterpenoids",Monotropein
C09788  Monotropein,Monotropein
C09788  Monotropein,Monotropein
C09788  Monotropein,Monotropein
Monoterpenoids (C10),Monotropein
Iridoids,Monotropein
Iridoid glycosides,Monotropein
Pyrrolizidine alkaloids,Retronecine
Pyrrolizidine alkaloids,Retronecine
Pyrrolizidine alkaloids,Otonecine
Pyrrolizidine alkaloids,Heliotridine
C06177  Retronecine,Retronecine
C06177  Retronecine,Retronecine
Natural toxins [BR:br08009],Retronecine
Phytotoxins,Retronecine
C02713  N-Acetylmuramic acid,N-Acetylmuramate
C02713,N-Acetylmuramate
Dammarenes,Quassin
C08776  Nigakilactone J,Quassin
Pesticides [BR:br08007],Bendiocarb
Pesticides [BR:br08007],Indole-3-acetate
Pesticides,Bendiocarb
Pesticides,Indole-3-acetate
Insecticides,Bendiocarb
Carbamate insecticides,Bendiocarb
C14433  Bendiocarb,Bendiocarb
Alkaloids derived from tryptophan and anthranilic acid,Indole-3-acetate
Indole alkaloids,Indole-3-acetate
C00954  Indole-3-acetate,Indole-3-acetate
C00954  Indole-3-acetate,Indole-3-acetate
Plant growth regulators,Indole-3-acetate
Auxins,Indole-3-acetate
C03758  Dopamine,Dopamine
C03758  Dopamine,Dopamine
C03758  Dopamine,Dopamine
C03758  Dopamine,Dopamine
Other hormones,Dopamine
Dopamine,Dopamine
Dopamine,Dopamine
Dopamine,Dopa
Alkaloids derived from tyrosine,Dopamine
Tyramine derivatives,Dopamine
Prodrugs [br08324.html],Dopamine
Prodrugs [br08324.html],Dopa
C03758,Dopamine
Anatomical Therapeutic Chemical (ATC) classification [BR:br08303(D07870)],Dopamine
C01C CARDIAC STIMULANTS EXCL. CARDIAC GLYCOSIDES,Dopamine
C01CA Adrenergic and dopaminergic agents,Dopamine
C01CA04 Dopamine,Dopamine
D07870  Dopamine (INN),Dopamine
D07870  Dopamine (INN),Dopamine
Drug groups [BR:br08330(D07870)],Dopamine
Cardiovascular agent,Dopamine
DG01703  Cardiotonic,Dopamine
DG01699  Catecholamine cardiotonic,Dopamine
DG00213  Dopamine,Dopamine
DG00213  Dopamine,Dopamine
DG00213  Dopamine,Dopamine
DG00213  Dopamine,Dopamine
DG00213  Dopamine,Dopamine
D07870  Dopamine,Dopamine
D07870  Dopamine,Dopamine
D07870  Dopamine,Dopamine
D07870  Dopamine,Dopamine
D07870  Dopamine,Dopamine
DG01472  Dopamine agonist,Dopamine
DG01472  Dopamine agonist,Dopa
Metabolizing enzyme substrate,Dopamine
DG01592  COMT substrate,Dopamine
DG02917  MAO substrate,Dopamine
DG03179  MAOB substrate,Dopamine
Transporter substrate,Dopamine
DG02854  SLC22A2 substrate,Dopamine
Target-based classification of drugs [BR:br08310(D07870)],Dopamine
DRD,Dopamine
DRD,Dopa
Drug metabolizing enzymes and transporters [br08309.html(D07870)],Dopamine
D07870,Dopamine
D07870,Dopamine
D07870,Dopamine
Drug transporters,Dopamine
Prodrugs [br08324.html(D07870)],Dopamine
Cyanogenic glucosides derived from nonprotein amino acid,Gynocardin
C08331  Gynocardin,Gynocardin
C08331  Gynocardin,Gynocardin
C17076  Tridecanoic acid,Tridecanoic acid
C01110  5-Amino-2-oxopentanoic acid,5-Amino-2-oxopentanoic acid
Cyanogenic glucosides derived from leucine,Cardiospermin
C08328  Cardiospermin,Cardiospermin
C08328  Cardiospermin,Cardiospermin
C10356  Otonecine,Otonecine
C02656  Pimelate,Pimelic acid
C02656  Heptanedioic acid,Pimelic acid
C01EB06 Fosfocreatine,Phosphocreatine
C02305  Phosphocreatine,Phosphocreatine
C00015  UDP,Uridine 5'-diphosphate
C00140  N-Acetyl-D-glucosamine,N-Acetyl-D-glucosamine
C00140,N-Acetyl-D-glucosamine
C03691,CMP-N-glycoloylneuraminate
"C00355  3,4-Dihydroxy-L-phenylalanine",Dopa
C00355  Dopa,Dopa
C00355,Dopa
Anatomical Therapeutic Chemical (ATC) classification [BR:br08303(D00059)],Dopa
N04 ANTI-PARKINSON DRUGS,Dopa
N04B DOPAMINERGIC AGENTS,Dopa
N04BA Dopa and dopa derivatives,Dopa
N04BA01 Levodopa,Dopa
D00059  Levodopa (JP18/USP/INN) &lt;JP/US&gt;,Dopa
D00059  Levodopa (JP18/USP/INN) &lt;JP/US&gt;,Dopa
USP drug classification [BR:br08302(D00059)],Dopa
Antiparkinson Agents,Dopa
Dopamine Precursors and/or L-Amino Acid Decarboxylase Inhibitors,Dopa
Levodopa,Dopa
D00059  Levodopa (JP18/USP/INN),Dopa
D00059  Levodopa (JP18/USP/INN),Dopa
Therapeutic category of drugs in Japan [BR:br08301(D00059)],Dopa
116  Antiparkinsonian agents,Dopa
1164  Levodopas,Dopa
Drug groups [BR:br08330(D00059)],Dopa
D00059  Levodopa,Dopa
D00059  Levodopa,Dopa
D00059  Levodopa,Dopa
D00059  Levodopa,Dopa
DG01967  Antiparkinson agent,Dopa
DG01967  Antiparkinson agent,Dopa
Drug classes [BR:br08332(D00059)],Dopa
Target-based classification of drugs [BR:br08310(D00059)],Dopa
Drugs listed in the Japanese Pharmacopoeia [BR:br08311(D00059)],Dopa
New drug approvals in Europe [br08329.html(D00059)],Dopa
D00059,Dopa
D00059,Dopa
Prodrugs [br08324.html(D00059)],Dopa
C10321  Heliotridine,Heliotridine
C00325,GDP-L-fucose
J ANTIINFECTIVES FOR SYSTEMIC USE,Cidofovir
J05 ANTIVIRALS FOR SYSTEMIC USE,Cidofovir
J05A DIRECT ACTING ANTIVIRALS,Cidofovir
J05AB Nucleosides and nucleotides excl. reverse transcriptase inhibitors,Cidofovir
J05AB12 Cidofovir,Cidofovir
C06909  Cidofovir,Cidofovir
C06909  Cidofovir,Cidofovir
Antiviral,Cidofovir
DG01937  Anti-cytomegalovirus agent,Cidofovir
DG00648  Cidofovir,Cidofovir
